dataset,model,num_datasets,dataset_type,score,model_type
wildjailbreak_test,llama3_8b_inst,wildguard,harmful,0.9119226638023631,Hidden States GDA
wildjailbreak_test,llama3_8b_inst,aegis,harmful,0.8626799557032115,Hidden States GDA
wildjailbreak_test,llama3_8b_inst,toxichat,harmful,0.8389854659447136,Hidden States GDA
wildjailbreak_test,llama3_8b_inst,wildguard+aegis,harmful,0.9103633916554509,Hidden States GDA
wildjailbreak_test,llama3_8b_inst,wildguard+toxichat,harmful,0.9109017496635262,Hidden States GDA
wildjailbreak_test,llama3_8b_inst,aegis+toxichat,harmful,0.85,Hidden States GDA
wildjailbreak_test,llama3_8b_inst,wildguard+aegis+toxichat,harmful,0.909433962264151,Hidden States GDA
simplesafety_tests,llama3_8b_inst,wildguard,harmful,0.9949748743718593,Hidden States GDA
simplesafety_tests,llama3_8b_inst,aegis,harmful,1.0,Hidden States GDA
simplesafety_tests,llama3_8b_inst,toxichat,harmful,0.9795918367346939,Hidden States GDA
simplesafety_tests,llama3_8b_inst,wildguard+aegis,harmful,1.0,Hidden States GDA
simplesafety_tests,llama3_8b_inst,wildguard+toxichat,harmful,0.9949748743718593,Hidden States GDA
simplesafety_tests,llama3_8b_inst,aegis+toxichat,harmful,1.0,Hidden States GDA
simplesafety_tests,llama3_8b_inst,wildguard+aegis+toxichat,harmful,0.9949748743718593,Hidden States GDA
toxicchat_humanannotated,llama3_8b_inst,wildguard,harmful,0.6482465462274176,Hidden States GDA
toxicchat_humanannotated,llama3_8b_inst,aegis,harmful,0.6383495145631068,Hidden States GDA
toxicchat_humanannotated,llama3_8b_inst,toxichat,harmful,0.803788903924222,Hidden States GDA
toxicchat_humanannotated,llama3_8b_inst,wildguard+aegis,harmful,0.6510638297872341,Hidden States GDA
toxicchat_humanannotated,llama3_8b_inst,wildguard+toxichat,harmful,0.741826381059752,Hidden States GDA
toxicchat_humanannotated,llama3_8b_inst,aegis+toxichat,harmful,0.7872860635696821,Hidden States GDA
toxicchat_humanannotated,llama3_8b_inst,wildguard+aegis+toxichat,harmful,0.741826381059752,Hidden States GDA
xstest,llama3_8b_inst,wildguard,harmful,0.9484536082474226,Hidden States GDA
xstest,llama3_8b_inst,aegis,harmful,0.788,Hidden States GDA
xstest,llama3_8b_inst,toxichat,harmful,0.8919667590027701,Hidden States GDA
xstest,llama3_8b_inst,wildguard+aegis,harmful,0.9536082474226805,Hidden States GDA
xstest,llama3_8b_inst,wildguard+toxichat,harmful,0.9533678756476683,Hidden States GDA
xstest,llama3_8b_inst,aegis+toxichat,harmful,0.8678414096916299,Hidden States GDA
xstest,llama3_8b_inst,wildguard+aegis+toxichat,harmful,0.9536082474226805,Hidden States GDA
aegis,llama3_8b_inst,wildguard,harmful,0.8207547169811321,Hidden States GDA
aegis,llama3_8b_inst,aegis,harmful,0.8859649122807017,Hidden States GDA
aegis,llama3_8b_inst,toxichat,harmful,0.699724517906336,Hidden States GDA
aegis,llama3_8b_inst,wildguard+aegis,harmful,0.8452655889145496,Hidden States GDA
aegis,llama3_8b_inst,wildguard+toxichat,harmful,0.8114558472553699,Hidden States GDA
aegis,llama3_8b_inst,aegis+toxichat,harmful,0.8883928571428571,Hidden States GDA
aegis,llama3_8b_inst,wildguard+aegis+toxichat,harmful,0.8418604651162791,Hidden States GDA
wildguardtest,llama3_8b_inst,wildguard,harmful,0.8539482879105521,Hidden States GDA
wildguardtest,llama3_8b_inst,aegis,harmful,0.7388613861386139,Hidden States GDA
wildguardtest,llama3_8b_inst,toxichat,harmful,0.7659574468085106,Hidden States GDA
wildguardtest,llama3_8b_inst,wildguard+aegis,harmful,0.8555478018143754,Hidden States GDA
wildguardtest,llama3_8b_inst,wildguard+toxichat,harmful,0.8555399719495091,Hidden States GDA
wildguardtest,llama3_8b_inst,aegis+toxichat,harmful,0.7916945746818487,Hidden States GDA
wildguardtest,llama3_8b_inst,wildguard+aegis+toxichat,harmful,0.8571428571428571,Hidden States GDA
harmbench,llama3_8b_inst,wildguard,harmful,0.9915611814345991,Hidden States GDA
harmbench,llama3_8b_inst,aegis,harmful,0.883177570093458,Hidden States GDA
harmbench,llama3_8b_inst,toxichat,harmful,0.7616580310880829,Hidden States GDA
harmbench,llama3_8b_inst,wildguard+aegis,harmful,0.9872881355932204,Hidden States GDA
harmbench,llama3_8b_inst,wildguard+toxichat,harmful,0.9234234234234234,Hidden States GDA
harmbench,llama3_8b_inst,aegis+toxichat,harmful,0.7712082262210797,Hidden States GDA
harmbench,llama3_8b_inst,wildguard+aegis+toxichat,harmful,0.9377777777777778,Hidden States GDA
openai_mod,llama3_8b_inst,wildguard,harmful,0.7302363488182559,Hidden States GDA
openai_mod,llama3_8b_inst,aegis,harmful,0.6624383368569415,Hidden States GDA
openai_mod,llama3_8b_inst,toxichat,harmful,0.7451776649746192,Hidden States GDA
openai_mod,llama3_8b_inst,wildguard+aegis,harmful,0.7245283018867924,Hidden States GDA
openai_mod,llama3_8b_inst,wildguard+toxichat,harmful,0.7533557046979866,Hidden States GDA
openai_mod,llama3_8b_inst,aegis+toxichat,harmful,0.6883116883116883,Hidden States GDA
openai_mod,llama3_8b_inst,wildguard+aegis+toxichat,harmful,0.7181818181818181,Hidden States GDA
mmlu,llama3_8b_inst,wildguard,non_harmful,1.0,Hidden States GDA
mmlu,llama3_8b_inst,aegis,non_harmful,0.9905247813411079,Hidden States GDA
mmlu,llama3_8b_inst,toxichat,non_harmful,1.0,Hidden States GDA
mmlu,llama3_8b_inst,wildguard+aegis,non_harmful,0.999271137026239,Hidden States GDA
mmlu,llama3_8b_inst,wildguard+toxichat,non_harmful,1.0,Hidden States GDA
mmlu,llama3_8b_inst,aegis+toxichat,non_harmful,1.0,Hidden States GDA
mmlu,llama3_8b_inst,wildguard+aegis+toxichat,non_harmful,1.0,Hidden States GDA
codex,llama3_8b_inst,wildguard,non_harmful,1.0,Hidden States GDA
codex,llama3_8b_inst,aegis,non_harmful,1.0,Hidden States GDA
codex,llama3_8b_inst,toxichat,non_harmful,1.0,Hidden States GDA
codex,llama3_8b_inst,wildguard+aegis,non_harmful,1.0,Hidden States GDA
codex,llama3_8b_inst,wildguard+toxichat,non_harmful,1.0,Hidden States GDA
codex,llama3_8b_inst,aegis+toxichat,non_harmful,1.0,Hidden States GDA
codex,llama3_8b_inst,wildguard+aegis+toxichat,non_harmful,1.0,Hidden States GDA
gsm8k,llama3_8b_inst,wildguard,non_harmful,1.0,Hidden States GDA
gsm8k,llama3_8b_inst,aegis,non_harmful,1.0,Hidden States GDA
gsm8k,llama3_8b_inst,toxichat,non_harmful,1.0,Hidden States GDA
gsm8k,llama3_8b_inst,wildguard+aegis,non_harmful,1.0,Hidden States GDA
gsm8k,llama3_8b_inst,wildguard+toxichat,non_harmful,1.0,Hidden States GDA
gsm8k,llama3_8b_inst,aegis+toxichat,non_harmful,1.0,Hidden States GDA
gsm8k,llama3_8b_inst,wildguard+aegis+toxichat,non_harmful,1.0,Hidden States GDA
bbh,llama3_8b_inst,wildguard,non_harmful,1.0,Hidden States GDA
bbh,llama3_8b_inst,aegis,non_harmful,0.9990740740740741,Hidden States GDA
bbh,llama3_8b_inst,toxichat,non_harmful,1.0,Hidden States GDA
bbh,llama3_8b_inst,wildguard+aegis,non_harmful,0.9851851851851852,Hidden States GDA
bbh,llama3_8b_inst,wildguard+toxichat,non_harmful,1.0,Hidden States GDA
bbh,llama3_8b_inst,aegis+toxichat,non_harmful,1.0,Hidden States GDA
bbh,llama3_8b_inst,wildguard+aegis+toxichat,non_harmful,1.0,Hidden States GDA
mtbench,llama3_8b_inst,wildguard,non_harmful,0.9875,Hidden States GDA
mtbench,llama3_8b_inst,aegis,non_harmful,0.9625,Hidden States GDA
mtbench,llama3_8b_inst,toxichat,non_harmful,1.0,Hidden States GDA
mtbench,llama3_8b_inst,wildguard+aegis,non_harmful,0.9875,Hidden States GDA
mtbench,llama3_8b_inst,wildguard+toxichat,non_harmful,0.9875,Hidden States GDA
mtbench,llama3_8b_inst,aegis+toxichat,non_harmful,1.0,Hidden States GDA
mtbench,llama3_8b_inst,wildguard+aegis+toxichat,non_harmful,0.9875,Hidden States GDA
truthfulqa,llama3_8b_inst,wildguard,non_harmful,0.9481012658227848,Hidden States GDA
truthfulqa,llama3_8b_inst,aegis,non_harmful,0.8443037974683544,Hidden States GDA
truthfulqa,llama3_8b_inst,toxichat,non_harmful,1.0,Hidden States GDA
truthfulqa,llama3_8b_inst,wildguard+aegis,non_harmful,0.950632911392405,Hidden States GDA
truthfulqa,llama3_8b_inst,wildguard+toxichat,non_harmful,0.9607594936708861,Hidden States GDA
truthfulqa,llama3_8b_inst,aegis+toxichat,non_harmful,0.9088607594936708,Hidden States GDA
truthfulqa,llama3_8b_inst,wildguard+aegis+toxichat,non_harmful,0.9569620253164557,Hidden States GDA
alpaca_eval,llama3_8b_inst,wildguard,non_harmful,0.9527950310559006,Hidden States GDA
alpaca_eval,llama3_8b_inst,aegis,non_harmful,0.9627329192546584,Hidden States GDA
alpaca_eval,llama3_8b_inst,toxichat,non_harmful,0.9950310559006211,Hidden States GDA
alpaca_eval,llama3_8b_inst,wildguard+aegis,non_harmful,0.9503105590062112,Hidden States GDA
alpaca_eval,llama3_8b_inst,wildguard+toxichat,non_harmful,0.9838509316770186,Hidden States GDA
alpaca_eval,llama3_8b_inst,aegis+toxichat,non_harmful,0.9801242236024845,Hidden States GDA
alpaca_eval,llama3_8b_inst,wildguard+aegis+toxichat,non_harmful,0.977639751552795,Hidden States GDA
wildjailbreak_test,mistral7b_inst,wildguard,harmful,0.8901670775130102,Hidden States GDA
wildjailbreak_test,mistral7b_inst,aegis,harmful,0.7169811320754716,Hidden States GDA
wildjailbreak_test,mistral7b_inst,toxichat,harmful,0.7085822068531908,Hidden States GDA
wildjailbreak_test,mistral7b_inst,wildguard+aegis,harmful,0.8831955922865014,Hidden States GDA
wildjailbreak_test,mistral7b_inst,wildguard+toxichat,harmful,0.8866886688668867,Hidden States GDA
wildjailbreak_test,mistral7b_inst,aegis+toxichat,harmful,0.7546379413524835,Hidden States GDA
wildjailbreak_test,mistral7b_inst,wildguard+aegis+toxichat,harmful,0.8821418713773116,Hidden States GDA
simplesafety_tests,mistral7b_inst,wildguard,harmful,0.9847715736040609,Hidden States GDA
simplesafety_tests,mistral7b_inst,aegis,harmful,1.0,Hidden States GDA
simplesafety_tests,mistral7b_inst,toxichat,harmful,0.9690721649484536,Hidden States GDA
simplesafety_tests,mistral7b_inst,wildguard+aegis,harmful,0.98989898989899,Hidden States GDA
simplesafety_tests,mistral7b_inst,wildguard+toxichat,harmful,0.9847715736040609,Hidden States GDA
simplesafety_tests,mistral7b_inst,aegis+toxichat,harmful,1.0,Hidden States GDA
simplesafety_tests,mistral7b_inst,wildguard+aegis+toxichat,harmful,0.9949748743718593,Hidden States GDA
toxicchat_humanannotated,mistral7b_inst,wildguard,harmful,0.5691489361702128,Hidden States GDA
toxicchat_humanannotated,mistral7b_inst,aegis,harmful,0.6319365798414496,Hidden States GDA
toxicchat_humanannotated,mistral7b_inst,toxichat,harmful,0.8020565552699229,Hidden States GDA
toxicchat_humanannotated,mistral7b_inst,wildguard+aegis,harmful,0.5594280607685433,Hidden States GDA
toxicchat_humanannotated,mistral7b_inst,wildguard+toxichat,harmful,0.7065337763012182,Hidden States GDA
toxicchat_humanannotated,mistral7b_inst,aegis+toxichat,harmful,0.7502903600464577,Hidden States GDA
toxicchat_humanannotated,mistral7b_inst,wildguard+aegis+toxichat,harmful,0.7058823529411765,Hidden States GDA
xstest,mistral7b_inst,wildguard,harmful,0.9148936170212766,Hidden States GDA
xstest,mistral7b_inst,aegis,harmful,0.8024691358024691,Hidden States GDA
xstest,mistral7b_inst,toxichat,harmful,0.8392370572207084,Hidden States GDA
xstest,mistral7b_inst,wildguard+aegis,harmful,0.9148936170212766,Hidden States GDA
xstest,mistral7b_inst,wildguard+toxichat,harmful,0.9230769230769231,Hidden States GDA
xstest,mistral7b_inst,aegis+toxichat,harmful,0.8394004282655246,Hidden States GDA
xstest,mistral7b_inst,wildguard+aegis+toxichat,harmful,0.9173333333333333,Hidden States GDA
aegis,mistral7b_inst,wildguard,harmful,0.8457943925233645,Hidden States GDA
aegis,mistral7b_inst,aegis,harmful,0.9043478260869565,Hidden States GDA
aegis,mistral7b_inst,toxichat,harmful,0.7660668380462725,Hidden States GDA
aegis,mistral7b_inst,wildguard+aegis,harmful,0.8604118993135011,Hidden States GDA
aegis,mistral7b_inst,wildguard+toxichat,harmful,0.8376470588235294,Hidden States GDA
aegis,mistral7b_inst,aegis+toxichat,harmful,0.8923076923076924,Hidden States GDA
aegis,mistral7b_inst,wildguard+aegis+toxichat,harmful,0.8545034642032333,Hidden States GDA
wildguardtest,mistral7b_inst,wildguard,harmful,0.8531468531468531,Hidden States GDA
wildguardtest,mistral7b_inst,aegis,harmful,0.7388963660834454,Hidden States GDA
wildguardtest,mistral7b_inst,toxichat,harmful,0.7029096477794793,Hidden States GDA
wildguardtest,mistral7b_inst,wildguard+aegis,harmful,0.8531468531468531,Hidden States GDA
wildguardtest,mistral7b_inst,wildguard+toxichat,harmful,0.8553459119496856,Hidden States GDA
wildguardtest,mistral7b_inst,aegis+toxichat,harmful,0.7376938637896157,Hidden States GDA
wildguardtest,mistral7b_inst,wildguard+aegis+toxichat,harmful,0.8515406162464986,Hidden States GDA
harmbench,mistral7b_inst,wildguard,harmful,0.9894291754756871,Hidden States GDA
harmbench,mistral7b_inst,aegis,harmful,0.7287234042553191,Hidden States GDA
harmbench,mistral7b_inst,toxichat,harmful,0.7219251336898396,Hidden States GDA
harmbench,mistral7b_inst,wildguard+aegis,harmful,0.9894291754756871,Hidden States GDA
harmbench,mistral7b_inst,wildguard+toxichat,harmful,0.883177570093458,Hidden States GDA
harmbench,mistral7b_inst,aegis+toxichat,harmful,0.7486910994764397,Hidden States GDA
harmbench,mistral7b_inst,wildguard+aegis+toxichat,harmful,0.8909512761020881,Hidden States GDA
openai_mod,mistral7b_inst,wildguard,harmful,0.687402799377916,Hidden States GDA
openai_mod,mistral7b_inst,aegis,harmful,0.6747676912080057,Hidden States GDA
openai_mod,mistral7b_inst,toxichat,harmful,0.7162022703818369,Hidden States GDA
openai_mod,mistral7b_inst,wildguard+aegis,harmful,0.6951219512195121,Hidden States GDA
openai_mod,mistral7b_inst,wildguard+toxichat,harmful,0.694488188976378,Hidden States GDA
openai_mod,mistral7b_inst,aegis+toxichat,harmful,0.6661654135338346,Hidden States GDA
openai_mod,mistral7b_inst,wildguard+aegis+toxichat,harmful,0.6940639269406392,Hidden States GDA
mmlu,mistral7b_inst,wildguard,non_harmful,0.9916180758017493,Hidden States GDA
mmlu,mistral7b_inst,aegis,non_harmful,0.9952623906705539,Hidden States GDA
mmlu,mistral7b_inst,toxichat,non_harmful,1.0,Hidden States GDA
mmlu,mistral7b_inst,wildguard+aegis,non_harmful,0.9952623906705539,Hidden States GDA
mmlu,mistral7b_inst,wildguard+toxichat,non_harmful,0.9927113702623906,Hidden States GDA
mmlu,mistral7b_inst,aegis+toxichat,non_harmful,1.0,Hidden States GDA
mmlu,mistral7b_inst,wildguard+aegis+toxichat,non_harmful,0.9930758017492711,Hidden States GDA
codex,mistral7b_inst,wildguard,non_harmful,0.9878048780487805,Hidden States GDA
codex,mistral7b_inst,aegis,non_harmful,1.0,Hidden States GDA
codex,mistral7b_inst,toxichat,non_harmful,1.0,Hidden States GDA
codex,mistral7b_inst,wildguard+aegis,non_harmful,0.9878048780487805,Hidden States GDA
codex,mistral7b_inst,wildguard+toxichat,non_harmful,1.0,Hidden States GDA
codex,mistral7b_inst,aegis+toxichat,non_harmful,1.0,Hidden States GDA
codex,mistral7b_inst,wildguard+aegis+toxichat,non_harmful,1.0,Hidden States GDA
gsm8k,mistral7b_inst,wildguard,non_harmful,1.0,Hidden States GDA
gsm8k,mistral7b_inst,aegis,non_harmful,0.9954510993176648,Hidden States GDA
gsm8k,mistral7b_inst,toxichat,non_harmful,1.0,Hidden States GDA
gsm8k,mistral7b_inst,wildguard+aegis,non_harmful,1.0,Hidden States GDA
gsm8k,mistral7b_inst,wildguard+toxichat,non_harmful,1.0,Hidden States GDA
gsm8k,mistral7b_inst,aegis+toxichat,non_harmful,1.0,Hidden States GDA
gsm8k,mistral7b_inst,wildguard+aegis+toxichat,non_harmful,1.0,Hidden States GDA
bbh,mistral7b_inst,wildguard,non_harmful,0.5416666666666666,Hidden States GDA
bbh,mistral7b_inst,aegis,non_harmful,0.8324074074074074,Hidden States GDA
bbh,mistral7b_inst,toxichat,non_harmful,1.0,Hidden States GDA
bbh,mistral7b_inst,wildguard+aegis,non_harmful,0.6925925925925925,Hidden States GDA
bbh,mistral7b_inst,wildguard+toxichat,non_harmful,1.0,Hidden States GDA
bbh,mistral7b_inst,aegis+toxichat,non_harmful,0.9981481481481481,Hidden States GDA
bbh,mistral7b_inst,wildguard+aegis+toxichat,non_harmful,0.9981481481481481,Hidden States GDA
mtbench,mistral7b_inst,wildguard,non_harmful,0.925,Hidden States GDA
mtbench,mistral7b_inst,aegis,non_harmful,0.9625,Hidden States GDA
mtbench,mistral7b_inst,toxichat,non_harmful,0.9875,Hidden States GDA
mtbench,mistral7b_inst,wildguard+aegis,non_harmful,0.925,Hidden States GDA
mtbench,mistral7b_inst,wildguard+toxichat,non_harmful,0.9625,Hidden States GDA
mtbench,mistral7b_inst,aegis+toxichat,non_harmful,0.9875,Hidden States GDA
mtbench,mistral7b_inst,wildguard+aegis+toxichat,non_harmful,0.9625,Hidden States GDA
truthfulqa,mistral7b_inst,wildguard,non_harmful,0.9379746835443038,Hidden States GDA
truthfulqa,mistral7b_inst,aegis,non_harmful,0.779746835443038,Hidden States GDA
truthfulqa,mistral7b_inst,toxichat,non_harmful,0.9987341772151899,Hidden States GDA
truthfulqa,mistral7b_inst,wildguard+aegis,non_harmful,0.9379746835443038,Hidden States GDA
truthfulqa,mistral7b_inst,wildguard+toxichat,non_harmful,0.9455696202531646,Hidden States GDA
truthfulqa,mistral7b_inst,aegis+toxichat,non_harmful,0.8734177215189873,Hidden States GDA
truthfulqa,mistral7b_inst,wildguard+aegis+toxichat,non_harmful,0.9455696202531646,Hidden States GDA
alpaca_eval,mistral7b_inst,wildguard,non_harmful,0.9229813664596274,Hidden States GDA
alpaca_eval,mistral7b_inst,aegis,non_harmful,0.9565217391304348,Hidden States GDA
alpaca_eval,mistral7b_inst,toxichat,non_harmful,0.9937888198757764,Hidden States GDA
alpaca_eval,mistral7b_inst,wildguard+aegis,non_harmful,0.9105590062111801,Hidden States GDA
alpaca_eval,mistral7b_inst,wildguard+toxichat,non_harmful,0.9714285714285714,Hidden States GDA
alpaca_eval,mistral7b_inst,aegis+toxichat,non_harmful,0.9788819875776398,Hidden States GDA
alpaca_eval,mistral7b_inst,wildguard+aegis+toxichat,non_harmful,0.9664596273291925,Hidden States GDA
wildjailbreak_test,olmo2_1124_7b_inst,wildguard,harmful,0.9663843982550681,Hidden States GDA
wildjailbreak_test,olmo2_1124_7b_inst,aegis,harmful,0.9380577427821523,Hidden States GDA
wildjailbreak_test,olmo2_1124_7b_inst,toxichat,harmful,0.9264392324093816,Hidden States GDA
wildjailbreak_test,olmo2_1124_7b_inst,wildguard+aegis,harmful,0.9668976135488837,Hidden States GDA
wildjailbreak_test,olmo2_1124_7b_inst,wildguard+toxichat,harmful,0.9655704008221994,Hidden States GDA
wildjailbreak_test,olmo2_1124_7b_inst,aegis+toxichat,harmful,0.9456967213114754,Hidden States GDA
wildjailbreak_test,olmo2_1124_7b_inst,wildguard+aegis+toxichat,harmful,0.9663671373555841,Hidden States GDA
simplesafety_tests,olmo2_1124_7b_inst,wildguard,harmful,0.9949748743718593,Hidden States GDA
simplesafety_tests,olmo2_1124_7b_inst,aegis,harmful,1.0,Hidden States GDA
simplesafety_tests,olmo2_1124_7b_inst,toxichat,harmful,0.9637305699481865,Hidden States GDA
simplesafety_tests,olmo2_1124_7b_inst,wildguard+aegis,harmful,0.9949748743718593,Hidden States GDA
simplesafety_tests,olmo2_1124_7b_inst,wildguard+toxichat,harmful,0.98989898989899,Hidden States GDA
simplesafety_tests,olmo2_1124_7b_inst,aegis+toxichat,harmful,0.9949748743718593,Hidden States GDA
simplesafety_tests,olmo2_1124_7b_inst,wildguard+aegis+toxichat,harmful,1.0,Hidden States GDA
toxicchat_humanannotated,olmo2_1124_7b_inst,wildguard,harmful,0.7459324155193993,Hidden States GDA
toxicchat_humanannotated,olmo2_1124_7b_inst,aegis,harmful,0.6716232961586122,Hidden States GDA
toxicchat_humanannotated,olmo2_1124_7b_inst,toxichat,harmful,0.850480109739369,Hidden States GDA
toxicchat_humanannotated,olmo2_1124_7b_inst,wildguard+aegis,harmful,0.7339901477832512,Hidden States GDA
toxicchat_humanannotated,olmo2_1124_7b_inst,wildguard+toxichat,harmful,0.8202531645569621,Hidden States GDA
toxicchat_humanannotated,olmo2_1124_7b_inst,aegis+toxichat,harmful,0.8114856429463171,Hidden States GDA
toxicchat_humanannotated,olmo2_1124_7b_inst,wildguard+aegis+toxichat,harmful,0.796044499381953,Hidden States GDA
xstest,olmo2_1124_7b_inst,wildguard,harmful,0.9664082687338501,Hidden States GDA
xstest,olmo2_1124_7b_inst,aegis,harmful,0.7782258064516129,Hidden States GDA
xstest,olmo2_1124_7b_inst,toxichat,harmful,0.8739495798319328,Hidden States GDA
xstest,olmo2_1124_7b_inst,wildguard+aegis,harmful,0.9560723514211886,Hidden States GDA
xstest,olmo2_1124_7b_inst,wildguard+toxichat,harmful,0.9690721649484536,Hidden States GDA
xstest,olmo2_1124_7b_inst,aegis+toxichat,harmful,0.8177966101694916,Hidden States GDA
xstest,olmo2_1124_7b_inst,wildguard+aegis+toxichat,harmful,0.9585492227979274,Hidden States GDA
aegis,olmo2_1124_7b_inst,wildguard,harmful,0.8824833702882483,Hidden States GDA
aegis,olmo2_1124_7b_inst,aegis,harmful,0.9094827586206896,Hidden States GDA
aegis,olmo2_1124_7b_inst,toxichat,harmful,0.7794871794871795,Hidden States GDA
aegis,olmo2_1124_7b_inst,wildguard+aegis,harmful,0.8977777777777778,Hidden States GDA
aegis,olmo2_1124_7b_inst,wildguard+toxichat,harmful,0.8839285714285714,Hidden States GDA
aegis,olmo2_1124_7b_inst,aegis+toxichat,harmful,0.911062906724512,Hidden States GDA
aegis,olmo2_1124_7b_inst,wildguard+aegis+toxichat,harmful,0.8957871396895787,Hidden States GDA
wildguardtest,olmo2_1124_7b_inst,wildguard,harmful,0.8793342579750347,Hidden States GDA
wildguardtest,olmo2_1124_7b_inst,aegis,harmful,0.8224543080939948,Hidden States GDA
wildguardtest,olmo2_1124_7b_inst,toxichat,harmful,0.8172514619883041,Hidden States GDA
wildguardtest,olmo2_1124_7b_inst,wildguard+aegis,harmful,0.878556557945871,Hidden States GDA
wildguardtest,olmo2_1124_7b_inst,wildguard+toxichat,harmful,0.8776077885952712,Hidden States GDA
wildguardtest,olmo2_1124_7b_inst,aegis+toxichat,harmful,0.8294871794871795,Hidden States GDA
wildguardtest,olmo2_1124_7b_inst,wildguard+aegis+toxichat,harmful,0.8752613240418119,Hidden States GDA
harmbench,olmo2_1124_7b_inst,wildguard,harmful,0.9829787234042553,Hidden States GDA
harmbench,olmo2_1124_7b_inst,aegis,harmful,0.8020050125313283,Hidden States GDA
harmbench,olmo2_1124_7b_inst,toxichat,harmful,0.7743589743589744,Hidden States GDA
harmbench,olmo2_1124_7b_inst,wildguard+aegis,harmful,0.9915611814345991,Hidden States GDA
harmbench,olmo2_1124_7b_inst,wildguard+toxichat,harmful,0.947136563876652,Hidden States GDA
harmbench,olmo2_1124_7b_inst,aegis+toxichat,harmful,0.7806122448979592,Hidden States GDA
harmbench,olmo2_1124_7b_inst,wildguard+aegis+toxichat,harmful,0.9517543859649122,Hidden States GDA
openai_mod,olmo2_1124_7b_inst,wildguard,harmful,0.7369281045751634,Hidden States GDA
openai_mod,olmo2_1124_7b_inst,aegis,harmful,0.6750700280112045,Hidden States GDA
openai_mod,olmo2_1124_7b_inst,toxichat,harmful,0.7676969092721835,Hidden States GDA
openai_mod,olmo2_1124_7b_inst,wildguard+aegis,harmful,0.6905958363244795,Hidden States GDA
openai_mod,olmo2_1124_7b_inst,wildguard+toxichat,harmful,0.7353668590272052,Hidden States GDA
openai_mod,olmo2_1124_7b_inst,aegis+toxichat,harmful,0.6938775510204082,Hidden States GDA
openai_mod,olmo2_1124_7b_inst,wildguard+aegis+toxichat,harmful,0.6971014492753623,Hidden States GDA
mmlu,olmo2_1124_7b_inst,wildguard,non_harmful,1.0,Hidden States GDA
mmlu,olmo2_1124_7b_inst,aegis,non_harmful,0.9941690962099126,Hidden States GDA
mmlu,olmo2_1124_7b_inst,toxichat,non_harmful,1.0,Hidden States GDA
mmlu,olmo2_1124_7b_inst,wildguard+aegis,non_harmful,0.9985422740524781,Hidden States GDA
mmlu,olmo2_1124_7b_inst,wildguard+toxichat,non_harmful,1.0,Hidden States GDA
mmlu,olmo2_1124_7b_inst,aegis+toxichat,non_harmful,1.0,Hidden States GDA
mmlu,olmo2_1124_7b_inst,wildguard+aegis+toxichat,non_harmful,0.9996355685131195,Hidden States GDA
codex,olmo2_1124_7b_inst,wildguard,non_harmful,1.0,Hidden States GDA
codex,olmo2_1124_7b_inst,aegis,non_harmful,1.0,Hidden States GDA
codex,olmo2_1124_7b_inst,toxichat,non_harmful,1.0,Hidden States GDA
codex,olmo2_1124_7b_inst,wildguard+aegis,non_harmful,1.0,Hidden States GDA
codex,olmo2_1124_7b_inst,wildguard+toxichat,non_harmful,1.0,Hidden States GDA
codex,olmo2_1124_7b_inst,aegis+toxichat,non_harmful,1.0,Hidden States GDA
codex,olmo2_1124_7b_inst,wildguard+aegis+toxichat,non_harmful,1.0,Hidden States GDA
gsm8k,olmo2_1124_7b_inst,wildguard,non_harmful,1.0,Hidden States GDA
gsm8k,olmo2_1124_7b_inst,aegis,non_harmful,0.9992418498862775,Hidden States GDA
gsm8k,olmo2_1124_7b_inst,toxichat,non_harmful,1.0,Hidden States GDA
gsm8k,olmo2_1124_7b_inst,wildguard+aegis,non_harmful,1.0,Hidden States GDA
gsm8k,olmo2_1124_7b_inst,wildguard+toxichat,non_harmful,1.0,Hidden States GDA
gsm8k,olmo2_1124_7b_inst,aegis+toxichat,non_harmful,1.0,Hidden States GDA
gsm8k,olmo2_1124_7b_inst,wildguard+aegis+toxichat,non_harmful,1.0,Hidden States GDA
bbh,olmo2_1124_7b_inst,wildguard,non_harmful,1.0,Hidden States GDA
bbh,olmo2_1124_7b_inst,aegis,non_harmful,0.9935185185185185,Hidden States GDA
bbh,olmo2_1124_7b_inst,toxichat,non_harmful,1.0,Hidden States GDA
bbh,olmo2_1124_7b_inst,wildguard+aegis,non_harmful,1.0,Hidden States GDA
bbh,olmo2_1124_7b_inst,wildguard+toxichat,non_harmful,1.0,Hidden States GDA
bbh,olmo2_1124_7b_inst,aegis+toxichat,non_harmful,1.0,Hidden States GDA
bbh,olmo2_1124_7b_inst,wildguard+aegis+toxichat,non_harmful,1.0,Hidden States GDA
mtbench,olmo2_1124_7b_inst,wildguard,non_harmful,0.9625,Hidden States GDA
mtbench,olmo2_1124_7b_inst,aegis,non_harmful,0.975,Hidden States GDA
mtbench,olmo2_1124_7b_inst,toxichat,non_harmful,1.0,Hidden States GDA
mtbench,olmo2_1124_7b_inst,wildguard+aegis,non_harmful,0.975,Hidden States GDA
mtbench,olmo2_1124_7b_inst,wildguard+toxichat,non_harmful,1.0,Hidden States GDA
mtbench,olmo2_1124_7b_inst,aegis+toxichat,non_harmful,1.0,Hidden States GDA
mtbench,olmo2_1124_7b_inst,wildguard+aegis+toxichat,non_harmful,1.0,Hidden States GDA
truthfulqa,olmo2_1124_7b_inst,wildguard,non_harmful,0.9822784810126582,Hidden States GDA
truthfulqa,olmo2_1124_7b_inst,aegis,non_harmful,0.8367088607594937,Hidden States GDA
truthfulqa,olmo2_1124_7b_inst,toxichat,non_harmful,0.9962025316455696,Hidden States GDA
truthfulqa,olmo2_1124_7b_inst,wildguard+aegis,non_harmful,0.9620253164556962,Hidden States GDA
truthfulqa,olmo2_1124_7b_inst,wildguard+toxichat,non_harmful,0.9822784810126582,Hidden States GDA
truthfulqa,olmo2_1124_7b_inst,aegis+toxichat,non_harmful,0.930379746835443,Hidden States GDA
truthfulqa,olmo2_1124_7b_inst,wildguard+aegis+toxichat,non_harmful,0.9746835443037974,Hidden States GDA
alpaca_eval,olmo2_1124_7b_inst,wildguard,non_harmful,0.9788819875776398,Hidden States GDA
alpaca_eval,olmo2_1124_7b_inst,aegis,non_harmful,0.9677018633540373,Hidden States GDA
alpaca_eval,olmo2_1124_7b_inst,toxichat,non_harmful,0.9962732919254659,Hidden States GDA
alpaca_eval,olmo2_1124_7b_inst,wildguard+aegis,non_harmful,0.9763975155279503,Hidden States GDA
alpaca_eval,olmo2_1124_7b_inst,wildguard+toxichat,non_harmful,0.991304347826087,Hidden States GDA
alpaca_eval,olmo2_1124_7b_inst,aegis+toxichat,non_harmful,0.9788819875776398,Hidden States GDA
alpaca_eval,olmo2_1124_7b_inst,wildguard+aegis+toxichat,non_harmful,0.9850931677018634,Hidden States GDA
wildjailbreak_test,llama3_8b_inst,wildguard,harmful,0.7370405278039586,Hidden States NMC
wildjailbreak_test,llama3_8b_inst,aegis,harmful,0.8059084194977844,Hidden States NMC
wildjailbreak_test,llama3_8b_inst,toxichat,harmful,0.9102135322871109,Hidden States NMC
wildjailbreak_test,llama3_8b_inst,wildguard+aegis,harmful,0.7441424554826617,Hidden States NMC
wildjailbreak_test,llama3_8b_inst,wildguard+toxichat,harmful,0.8242389431361287,Hidden States NMC
wildjailbreak_test,llama3_8b_inst,aegis+toxichat,harmful,0.9167733674775929,Hidden States NMC
wildjailbreak_test,llama3_8b_inst,wildguard+aegis+toxichat,harmful,0.8296169239565466,Hidden States NMC
simplesafety_tests,llama3_8b_inst,wildguard,harmful,0.9847715736040609,Hidden States NMC
simplesafety_tests,llama3_8b_inst,aegis,harmful,1.0,Hidden States NMC
simplesafety_tests,llama3_8b_inst,toxichat,harmful,1.0,Hidden States NMC
simplesafety_tests,llama3_8b_inst,wildguard+aegis,harmful,1.0,Hidden States NMC
simplesafety_tests,llama3_8b_inst,wildguard+toxichat,harmful,0.9847715736040609,Hidden States NMC
simplesafety_tests,llama3_8b_inst,aegis+toxichat,harmful,1.0,Hidden States NMC
simplesafety_tests,llama3_8b_inst,wildguard+aegis+toxichat,harmful,1.0,Hidden States NMC
toxicchat_humanannotated,llama3_8b_inst,wildguard,harmful,0.5059422750424448,Hidden States NMC
toxicchat_humanannotated,llama3_8b_inst,aegis,harmful,0.5321100917431193,Hidden States NMC
toxicchat_humanannotated,llama3_8b_inst,toxichat,harmful,0.6324110671936759,Hidden States NMC
toxicchat_humanannotated,llama3_8b_inst,wildguard+aegis,harmful,0.5371248025276462,Hidden States NMC
toxicchat_humanannotated,llama3_8b_inst,wildguard+toxichat,harmful,0.6232356134636265,Hidden States NMC
toxicchat_humanannotated,llama3_8b_inst,aegis+toxichat,harmful,0.6429980276134122,Hidden States NMC
toxicchat_humanannotated,llama3_8b_inst,wildguard+aegis+toxichat,harmful,0.6419491525423728,Hidden States NMC
xstest,llama3_8b_inst,wildguard,harmful,0.9384615384615385,Hidden States NMC
xstest,llama3_8b_inst,aegis,harmful,0.9205607476635514,Hidden States NMC
xstest,llama3_8b_inst,toxichat,harmful,0.9571788413098237,Hidden States NMC
xstest,llama3_8b_inst,wildguard+aegis,harmful,0.9493975903614458,Hidden States NMC
xstest,llama3_8b_inst,wildguard+toxichat,harmful,0.9384615384615385,Hidden States NMC
xstest,llama3_8b_inst,aegis+toxichat,harmful,0.9358669833729216,Hidden States NMC
xstest,llama3_8b_inst,wildguard+aegis+toxichat,harmful,0.9493975903614458,Hidden States NMC
aegis,llama3_8b_inst,wildguard,harmful,0.7204301075268817,Hidden States NMC
aegis,llama3_8b_inst,aegis,harmful,0.8349056603773585,Hidden States NMC
aegis,llama3_8b_inst,toxichat,harmful,0.7887323943661971,Hidden States NMC
aegis,llama3_8b_inst,wildguard+aegis,harmful,0.8380952380952381,Hidden States NMC
aegis,llama3_8b_inst,wildguard+toxichat,harmful,0.7286821705426356,Hidden States NMC
aegis,llama3_8b_inst,aegis+toxichat,harmful,0.8477751756440282,Hidden States NMC
aegis,llama3_8b_inst,wildguard+aegis+toxichat,harmful,0.8490566037735849,Hidden States NMC
wildguardtest,llama3_8b_inst,wildguard,harmful,0.7834890965732088,Hidden States NMC
wildguardtest,llama3_8b_inst,aegis,harmful,0.7869535045107564,Hidden States NMC
wildguardtest,llama3_8b_inst,toxichat,harmful,0.7790769230769231,Hidden States NMC
wildguardtest,llama3_8b_inst,wildguard+aegis,harmful,0.7952167414050823,Hidden States NMC
wildguardtest,llama3_8b_inst,wildguard+toxichat,harmful,0.7942028985507247,Hidden States NMC
wildguardtest,llama3_8b_inst,aegis+toxichat,harmful,0.7833827893175074,Hidden States NMC
wildguardtest,llama3_8b_inst,wildguard+aegis+toxichat,harmful,0.8039078855547802,Hidden States NMC
harmbench,llama3_8b_inst,wildguard,harmful,0.805,Hidden States NMC
harmbench,llama3_8b_inst,aegis,harmful,0.7929292929292929,Hidden States NMC
harmbench,llama3_8b_inst,toxichat,harmful,0.8909512761020881,Hidden States NMC
harmbench,llama3_8b_inst,wildguard+aegis,harmful,0.8079800498753117,Hidden States NMC
harmbench,llama3_8b_inst,wildguard+toxichat,harmful,0.883177570093458,Hidden States NMC
harmbench,llama3_8b_inst,aegis+toxichat,harmful,0.8909512761020881,Hidden States NMC
harmbench,llama3_8b_inst,wildguard+aegis+toxichat,harmful,0.8857808857808858,Hidden States NMC
openai_mod,llama3_8b_inst,wildguard,harmful,0.6984815618221258,Hidden States NMC
openai_mod,llama3_8b_inst,aegis,harmful,0.7509293680297398,Hidden States NMC
openai_mod,llama3_8b_inst,toxichat,harmful,0.6805040770941438,Hidden States NMC
openai_mod,llama3_8b_inst,wildguard+aegis,harmful,0.7410881801125704,Hidden States NMC
openai_mod,llama3_8b_inst,wildguard+toxichat,harmful,0.702803738317757,Hidden States NMC
openai_mod,llama3_8b_inst,aegis+toxichat,harmful,0.7398005439709883,Hidden States NMC
openai_mod,llama3_8b_inst,wildguard+aegis+toxichat,harmful,0.7420237010027347,Hidden States NMC
mmlu,llama3_8b_inst,wildguard,non_harmful,1.0,Hidden States NMC
mmlu,llama3_8b_inst,aegis,non_harmful,1.0,Hidden States NMC
mmlu,llama3_8b_inst,toxichat,non_harmful,1.0,Hidden States NMC
mmlu,llama3_8b_inst,wildguard+aegis,non_harmful,1.0,Hidden States NMC
mmlu,llama3_8b_inst,wildguard+toxichat,non_harmful,1.0,Hidden States NMC
mmlu,llama3_8b_inst,aegis+toxichat,non_harmful,1.0,Hidden States NMC
mmlu,llama3_8b_inst,wildguard+aegis+toxichat,non_harmful,1.0,Hidden States NMC
codex,llama3_8b_inst,wildguard,non_harmful,1.0,Hidden States NMC
codex,llama3_8b_inst,aegis,non_harmful,1.0,Hidden States NMC
codex,llama3_8b_inst,toxichat,non_harmful,1.0,Hidden States NMC
codex,llama3_8b_inst,wildguard+aegis,non_harmful,1.0,Hidden States NMC
codex,llama3_8b_inst,wildguard+toxichat,non_harmful,1.0,Hidden States NMC
codex,llama3_8b_inst,aegis+toxichat,non_harmful,1.0,Hidden States NMC
codex,llama3_8b_inst,wildguard+aegis+toxichat,non_harmful,1.0,Hidden States NMC
gsm8k,llama3_8b_inst,wildguard,non_harmful,1.0,Hidden States NMC
gsm8k,llama3_8b_inst,aegis,non_harmful,1.0,Hidden States NMC
gsm8k,llama3_8b_inst,toxichat,non_harmful,1.0,Hidden States NMC
gsm8k,llama3_8b_inst,wildguard+aegis,non_harmful,1.0,Hidden States NMC
gsm8k,llama3_8b_inst,wildguard+toxichat,non_harmful,1.0,Hidden States NMC
gsm8k,llama3_8b_inst,aegis+toxichat,non_harmful,1.0,Hidden States NMC
gsm8k,llama3_8b_inst,wildguard+aegis+toxichat,non_harmful,1.0,Hidden States NMC
bbh,llama3_8b_inst,wildguard,non_harmful,1.0,Hidden States NMC
bbh,llama3_8b_inst,aegis,non_harmful,1.0,Hidden States NMC
bbh,llama3_8b_inst,toxichat,non_harmful,1.0,Hidden States NMC
bbh,llama3_8b_inst,wildguard+aegis,non_harmful,1.0,Hidden States NMC
bbh,llama3_8b_inst,wildguard+toxichat,non_harmful,1.0,Hidden States NMC
bbh,llama3_8b_inst,aegis+toxichat,non_harmful,1.0,Hidden States NMC
bbh,llama3_8b_inst,wildguard+aegis+toxichat,non_harmful,1.0,Hidden States NMC
mtbench,llama3_8b_inst,wildguard,non_harmful,1.0,Hidden States NMC
mtbench,llama3_8b_inst,aegis,non_harmful,1.0,Hidden States NMC
mtbench,llama3_8b_inst,toxichat,non_harmful,0.9375,Hidden States NMC
mtbench,llama3_8b_inst,wildguard+aegis,non_harmful,1.0,Hidden States NMC
mtbench,llama3_8b_inst,wildguard+toxichat,non_harmful,0.9625,Hidden States NMC
mtbench,llama3_8b_inst,aegis+toxichat,non_harmful,0.95,Hidden States NMC
mtbench,llama3_8b_inst,wildguard+aegis+toxichat,non_harmful,0.9625,Hidden States NMC
truthfulqa,llama3_8b_inst,wildguard,non_harmful,0.9810126582278481,Hidden States NMC
truthfulqa,llama3_8b_inst,aegis,non_harmful,0.9012658227848102,Hidden States NMC
truthfulqa,llama3_8b_inst,toxichat,non_harmful,0.979746835443038,Hidden States NMC
truthfulqa,llama3_8b_inst,wildguard+aegis,non_harmful,0.9405063291139241,Hidden States NMC
truthfulqa,llama3_8b_inst,wildguard+toxichat,non_harmful,0.9873417721518988,Hidden States NMC
truthfulqa,llama3_8b_inst,aegis+toxichat,non_harmful,0.930379746835443,Hidden States NMC
truthfulqa,llama3_8b_inst,wildguard+aegis+toxichat,non_harmful,0.9468354430379747,Hidden States NMC
alpaca_eval,llama3_8b_inst,wildguard,non_harmful,0.9950310559006211,Hidden States NMC
alpaca_eval,llama3_8b_inst,aegis,non_harmful,0.9888198757763975,Hidden States NMC
alpaca_eval,llama3_8b_inst,toxichat,non_harmful,0.9465838509316771,Hidden States NMC
alpaca_eval,llama3_8b_inst,wildguard+aegis,non_harmful,0.9888198757763975,Hidden States NMC
alpaca_eval,llama3_8b_inst,wildguard+toxichat,non_harmful,0.9664596273291925,Hidden States NMC
alpaca_eval,llama3_8b_inst,aegis+toxichat,non_harmful,0.9478260869565217,Hidden States NMC
alpaca_eval,llama3_8b_inst,wildguard+aegis+toxichat,non_harmful,0.9627329192546584,Hidden States NMC
wildjailbreak_test,mistral7b_inst,wildguard,harmful,0.7708333333333334,Hidden States NMC
wildjailbreak_test,mistral7b_inst,aegis,harmful,0.3062605752961083,Hidden States NMC
wildjailbreak_test,mistral7b_inst,toxichat,harmful,0.9118161378965776,Hidden States NMC
wildjailbreak_test,mistral7b_inst,wildguard+aegis,harmful,0.77119904790241,Hidden States NMC
wildjailbreak_test,mistral7b_inst,wildguard+toxichat,harmful,0.8198549916341328,Hidden States NMC
wildjailbreak_test,mistral7b_inst,aegis+toxichat,harmful,0.9123157631776168,Hidden States NMC
wildjailbreak_test,mistral7b_inst,wildguard+aegis+toxichat,harmful,0.8195258019525802,Hidden States NMC
simplesafety_tests,mistral7b_inst,wildguard,harmful,0.9583333333333334,Hidden States NMC
simplesafety_tests,mistral7b_inst,aegis,harmful,0.9949748743718593,Hidden States NMC
simplesafety_tests,mistral7b_inst,toxichat,harmful,0.88268156424581,Hidden States NMC
simplesafety_tests,mistral7b_inst,wildguard+aegis,harmful,1.0,Hidden States NMC
simplesafety_tests,mistral7b_inst,wildguard+toxichat,harmful,0.9583333333333334,Hidden States NMC
simplesafety_tests,mistral7b_inst,aegis+toxichat,harmful,1.0,Hidden States NMC
simplesafety_tests,mistral7b_inst,wildguard+aegis+toxichat,harmful,1.0,Hidden States NMC
toxicchat_humanannotated,mistral7b_inst,wildguard,harmful,0.44617092119866814,Hidden States NMC
toxicchat_humanannotated,mistral7b_inst,aegis,harmful,0.33163265306122447,Hidden States NMC
toxicchat_humanannotated,mistral7b_inst,toxichat,harmful,0.5189003436426117,Hidden States NMC
toxicchat_humanannotated,mistral7b_inst,wildguard+aegis,harmful,0.4247619047619048,Hidden States NMC
toxicchat_humanannotated,mistral7b_inst,wildguard+toxichat,harmful,0.5460992907801419,Hidden States NMC
toxicchat_humanannotated,mistral7b_inst,aegis+toxichat,harmful,0.5193798449612403,Hidden States NMC
toxicchat_humanannotated,mistral7b_inst,wildguard+aegis+toxichat,harmful,0.5324779470729751,Hidden States NMC
xstest,mistral7b_inst,wildguard,harmful,0.9002695417789758,Hidden States NMC
xstest,mistral7b_inst,aegis,harmful,0.777120315581854,Hidden States NMC
xstest,mistral7b_inst,toxichat,harmful,0.6488294314381271,Hidden States NMC
xstest,mistral7b_inst,wildguard+aegis,harmful,0.8191268191268192,Hidden States NMC
xstest,mistral7b_inst,wildguard+toxichat,harmful,0.8603351955307262,Hidden States NMC
xstest,mistral7b_inst,aegis+toxichat,harmful,0.8259958071278826,Hidden States NMC
xstest,mistral7b_inst,wildguard+aegis+toxichat,harmful,0.8312236286919831,Hidden States NMC
aegis,mistral7b_inst,wildguard,harmful,0.7362924281984334,Hidden States NMC
aegis,mistral7b_inst,aegis,harmful,0.8596112311015118,Hidden States NMC
aegis,mistral7b_inst,toxichat,harmful,0.6062322946175638,Hidden States NMC
aegis,mistral7b_inst,wildguard+aegis,harmful,0.8558951965065502,Hidden States NMC
aegis,mistral7b_inst,wildguard+toxichat,harmful,0.7263157894736842,Hidden States NMC
aegis,mistral7b_inst,aegis+toxichat,harmful,0.8483516483516483,Hidden States NMC
aegis,mistral7b_inst,wildguard+aegis+toxichat,harmful,0.8508771929824561,Hidden States NMC
wildguardtest,mistral7b_inst,wildguard,harmful,0.7244212098581031,Hidden States NMC
wildguardtest,mistral7b_inst,aegis,harmful,0.6266358737490377,Hidden States NMC
wildguardtest,mistral7b_inst,toxichat,harmful,0.6618531889290012,Hidden States NMC
wildguardtest,mistral7b_inst,wildguard+aegis,harmful,0.7216916780354706,Hidden States NMC
wildguardtest,mistral7b_inst,wildguard+toxichat,harmful,0.7458333333333333,Hidden States NMC
wildguardtest,mistral7b_inst,aegis+toxichat,harmful,0.7233814874264313,Hidden States NMC
wildguardtest,mistral7b_inst,wildguard+aegis+toxichat,harmful,0.7474489795918368,Hidden States NMC
harmbench,mistral7b_inst,wildguard,harmful,0.9608695652173913,Hidden States NMC
harmbench,mistral7b_inst,aegis,harmful,0.7743589743589744,Hidden States NMC
harmbench,mistral7b_inst,toxichat,harmful,0.9698275862068966,Hidden States NMC
harmbench,mistral7b_inst,wildguard+aegis,harmful,0.9608695652173913,Hidden States NMC
harmbench,mistral7b_inst,wildguard+toxichat,harmful,0.9915611814345991,Hidden States NMC
harmbench,mistral7b_inst,aegis+toxichat,harmful,0.9872881355932204,Hidden States NMC
harmbench,mistral7b_inst,wildguard+aegis+toxichat,harmful,0.9936842105263158,Hidden States NMC
openai_mod,mistral7b_inst,wildguard,harmful,0.69375,Hidden States NMC
openai_mod,mistral7b_inst,aegis,harmful,0.6631299734748011,Hidden States NMC
openai_mod,mistral7b_inst,toxichat,harmful,0.6040034812880766,Hidden States NMC
openai_mod,mistral7b_inst,wildguard+aegis,harmful,0.6614447345517842,Hidden States NMC
openai_mod,mistral7b_inst,wildguard+toxichat,harmful,0.669208770257388,Hidden States NMC
openai_mod,mistral7b_inst,aegis+toxichat,harmful,0.6610025488530161,Hidden States NMC
openai_mod,mistral7b_inst,wildguard+aegis+toxichat,harmful,0.6621276595744681,Hidden States NMC
mmlu,mistral7b_inst,wildguard,non_harmful,1.0,Hidden States NMC
mmlu,mistral7b_inst,aegis,non_harmful,0.9744897959183674,Hidden States NMC
mmlu,mistral7b_inst,toxichat,non_harmful,1.0,Hidden States NMC
mmlu,mistral7b_inst,wildguard+aegis,non_harmful,0.9905247813411079,Hidden States NMC
mmlu,mistral7b_inst,wildguard+toxichat,non_harmful,1.0,Hidden States NMC
mmlu,mistral7b_inst,aegis+toxichat,non_harmful,0.9989067055393586,Hidden States NMC
mmlu,mistral7b_inst,wildguard+aegis+toxichat,non_harmful,0.9989067055393586,Hidden States NMC
codex,mistral7b_inst,wildguard,non_harmful,1.0,Hidden States NMC
codex,mistral7b_inst,aegis,non_harmful,1.0,Hidden States NMC
codex,mistral7b_inst,toxichat,non_harmful,1.0,Hidden States NMC
codex,mistral7b_inst,wildguard+aegis,non_harmful,1.0,Hidden States NMC
codex,mistral7b_inst,wildguard+toxichat,non_harmful,1.0,Hidden States NMC
codex,mistral7b_inst,aegis+toxichat,non_harmful,1.0,Hidden States NMC
codex,mistral7b_inst,wildguard+aegis+toxichat,non_harmful,1.0,Hidden States NMC
gsm8k,mistral7b_inst,wildguard,non_harmful,1.0,Hidden States NMC
gsm8k,mistral7b_inst,aegis,non_harmful,0.9871114480667172,Hidden States NMC
gsm8k,mistral7b_inst,toxichat,non_harmful,1.0,Hidden States NMC
gsm8k,mistral7b_inst,wildguard+aegis,non_harmful,0.9992418498862775,Hidden States NMC
gsm8k,mistral7b_inst,wildguard+toxichat,non_harmful,1.0,Hidden States NMC
gsm8k,mistral7b_inst,aegis+toxichat,non_harmful,0.9992418498862775,Hidden States NMC
gsm8k,mistral7b_inst,wildguard+aegis+toxichat,non_harmful,0.9992418498862775,Hidden States NMC
bbh,mistral7b_inst,wildguard,non_harmful,1.0,Hidden States NMC
bbh,mistral7b_inst,aegis,non_harmful,0.9981481481481481,Hidden States NMC
bbh,mistral7b_inst,toxichat,non_harmful,1.0,Hidden States NMC
bbh,mistral7b_inst,wildguard+aegis,non_harmful,0.9990740740740741,Hidden States NMC
bbh,mistral7b_inst,wildguard+toxichat,non_harmful,1.0,Hidden States NMC
bbh,mistral7b_inst,aegis+toxichat,non_harmful,0.9990740740740741,Hidden States NMC
bbh,mistral7b_inst,wildguard+aegis+toxichat,non_harmful,0.9990740740740741,Hidden States NMC
mtbench,mistral7b_inst,wildguard,non_harmful,0.9125,Hidden States NMC
mtbench,mistral7b_inst,aegis,non_harmful,0.975,Hidden States NMC
mtbench,mistral7b_inst,toxichat,non_harmful,0.8125,Hidden States NMC
mtbench,mistral7b_inst,wildguard+aegis,non_harmful,0.9125,Hidden States NMC
mtbench,mistral7b_inst,wildguard+toxichat,non_harmful,0.8875,Hidden States NMC
mtbench,mistral7b_inst,aegis+toxichat,non_harmful,0.8125,Hidden States NMC
mtbench,mistral7b_inst,wildguard+aegis+toxichat,non_harmful,0.8875,Hidden States NMC
truthfulqa,mistral7b_inst,wildguard,non_harmful,0.9987341772151899,Hidden States NMC
truthfulqa,mistral7b_inst,aegis,non_harmful,0.6468354430379747,Hidden States NMC
truthfulqa,mistral7b_inst,toxichat,non_harmful,0.9949367088607595,Hidden States NMC
truthfulqa,mistral7b_inst,wildguard+aegis,non_harmful,0.7164556962025317,Hidden States NMC
truthfulqa,mistral7b_inst,wildguard+toxichat,non_harmful,0.9987341772151899,Hidden States NMC
truthfulqa,mistral7b_inst,aegis+toxichat,non_harmful,0.7341772151898734,Hidden States NMC
truthfulqa,mistral7b_inst,wildguard+aegis+toxichat,non_harmful,0.7481012658227848,Hidden States NMC
alpaca_eval,mistral7b_inst,wildguard,non_harmful,0.8968944099378882,Hidden States NMC
alpaca_eval,mistral7b_inst,aegis,non_harmful,0.9192546583850931,Hidden States NMC
alpaca_eval,mistral7b_inst,toxichat,non_harmful,0.8608695652173913,Hidden States NMC
alpaca_eval,mistral7b_inst,wildguard+aegis,non_harmful,0.8559006211180125,Hidden States NMC
alpaca_eval,mistral7b_inst,wildguard+toxichat,non_harmful,0.8708074534161491,Hidden States NMC
alpaca_eval,mistral7b_inst,aegis+toxichat,non_harmful,0.8273291925465839,Hidden States NMC
alpaca_eval,mistral7b_inst,wildguard+aegis+toxichat,non_harmful,0.8385093167701864,Hidden States NMC
wildjailbreak_test,olmo2_1124_7b_inst,wildguard,harmful,0.8305628463108778,Hidden States NMC
wildjailbreak_test,olmo2_1124_7b_inst,aegis,harmful,0.9041245561322043,Hidden States NMC
wildjailbreak_test,olmo2_1124_7b_inst,toxichat,harmful,0.9299974728329543,Hidden States NMC
wildjailbreak_test,olmo2_1124_7b_inst,wildguard+aegis,harmful,0.8322655794991264,Hidden States NMC
wildjailbreak_test,olmo2_1124_7b_inst,wildguard+toxichat,harmful,0.8335753703165844,Hidden States NMC
wildjailbreak_test,olmo2_1124_7b_inst,aegis+toxichat,harmful,0.9322162985529322,Hidden States NMC
wildjailbreak_test,olmo2_1124_7b_inst,wildguard+aegis+toxichat,harmful,0.8339140534262486,Hidden States NMC
simplesafety_tests,olmo2_1124_7b_inst,wildguard,harmful,0.98989898989899,Hidden States NMC
simplesafety_tests,olmo2_1124_7b_inst,aegis,harmful,1.0,Hidden States NMC
simplesafety_tests,olmo2_1124_7b_inst,toxichat,harmful,0.98989898989899,Hidden States NMC
simplesafety_tests,olmo2_1124_7b_inst,wildguard+aegis,harmful,1.0,Hidden States NMC
simplesafety_tests,olmo2_1124_7b_inst,wildguard+toxichat,harmful,0.98989898989899,Hidden States NMC
simplesafety_tests,olmo2_1124_7b_inst,aegis+toxichat,harmful,1.0,Hidden States NMC
simplesafety_tests,olmo2_1124_7b_inst,wildguard+aegis+toxichat,harmful,1.0,Hidden States NMC
toxicchat_humanannotated,olmo2_1124_7b_inst,wildguard,harmful,0.5867895545314901,Hidden States NMC
toxicchat_humanannotated,olmo2_1124_7b_inst,aegis,harmful,0.7047353760445683,Hidden States NMC
toxicchat_humanannotated,olmo2_1124_7b_inst,toxichat,harmful,0.6373850868232891,Hidden States NMC
toxicchat_humanannotated,olmo2_1124_7b_inst,wildguard+aegis,harmful,0.6337817638266069,Hidden States NMC
toxicchat_humanannotated,olmo2_1124_7b_inst,wildguard+toxichat,harmful,0.6426364572605562,Hidden States NMC
toxicchat_humanannotated,olmo2_1124_7b_inst,aegis+toxichat,harmful,0.6389452332657201,Hidden States NMC
toxicchat_humanannotated,olmo2_1124_7b_inst,wildguard+aegis+toxichat,harmful,0.6408163265306123,Hidden States NMC
xstest,olmo2_1124_7b_inst,wildguard,harmful,0.9445910290237467,Hidden States NMC
xstest,olmo2_1124_7b_inst,aegis,harmful,0.9223529411764706,Hidden States NMC
xstest,olmo2_1124_7b_inst,toxichat,harmful,0.9164556962025316,Hidden States NMC
xstest,olmo2_1124_7b_inst,wildguard+aegis,harmful,0.9672544080604534,Hidden States NMC
xstest,olmo2_1124_7b_inst,wildguard+toxichat,harmful,0.9470899470899471,Hidden States NMC
xstest,olmo2_1124_7b_inst,aegis+toxichat,harmful,0.9285714285714286,Hidden States NMC
xstest,olmo2_1124_7b_inst,wildguard+aegis+toxichat,harmful,0.9696969696969697,Hidden States NMC
aegis,olmo2_1124_7b_inst,wildguard,harmful,0.8258928571428571,Hidden States NMC
aegis,olmo2_1124_7b_inst,aegis,harmful,0.8720173535791758,Hidden States NMC
aegis,olmo2_1124_7b_inst,toxichat,harmful,0.8398268398268398,Hidden States NMC
aegis,olmo2_1124_7b_inst,wildguard+aegis,harmful,0.8676789587852495,Hidden States NMC
aegis,olmo2_1124_7b_inst,wildguard+toxichat,harmful,0.8277404921700223,Hidden States NMC
aegis,olmo2_1124_7b_inst,aegis+toxichat,harmful,0.8720173535791758,Hidden States NMC
aegis,olmo2_1124_7b_inst,wildguard+aegis+toxichat,harmful,0.8676789587852495,Hidden States NMC
wildguardtest,olmo2_1124_7b_inst,wildguard,harmful,0.8362831858407079,Hidden States NMC
wildguardtest,olmo2_1124_7b_inst,aegis,harmful,0.8561549100968188,Hidden States NMC
wildguardtest,olmo2_1124_7b_inst,toxichat,harmful,0.8108791903858318,Hidden States NMC
wildguardtest,olmo2_1124_7b_inst,wildguard+aegis,harmful,0.8450909090909091,Hidden States NMC
wildguardtest,olmo2_1124_7b_inst,wildguard+toxichat,harmful,0.8354243542435424,Hidden States NMC
wildguardtest,olmo2_1124_7b_inst,aegis+toxichat,harmful,0.8256765261170548,Hidden States NMC
wildguardtest,olmo2_1124_7b_inst,wildguard+aegis+toxichat,harmful,0.8450909090909091,Hidden States NMC
harmbench,olmo2_1124_7b_inst,wildguard,harmful,0.9282511210762332,Hidden States NMC
harmbench,olmo2_1124_7b_inst,aegis,harmful,0.9586056644880174,Hidden States NMC
harmbench,olmo2_1124_7b_inst,toxichat,harmful,0.9851380042462845,Hidden States NMC
harmbench,olmo2_1124_7b_inst,wildguard+aegis,harmful,0.9586056644880174,Hidden States NMC
harmbench,olmo2_1124_7b_inst,wildguard+toxichat,harmful,0.9894291754756871,Hidden States NMC
harmbench,olmo2_1124_7b_inst,aegis+toxichat,harmful,0.9894291754756871,Hidden States NMC
harmbench,olmo2_1124_7b_inst,wildguard+aegis+toxichat,harmful,0.9894291754756871,Hidden States NMC
openai_mod,olmo2_1124_7b_inst,wildguard,harmful,0.7466427931960609,Hidden States NMC
openai_mod,olmo2_1124_7b_inst,aegis,harmful,0.7425742574257426,Hidden States NMC
openai_mod,olmo2_1124_7b_inst,toxichat,harmful,0.6926605504587156,Hidden States NMC
openai_mod,olmo2_1124_7b_inst,wildguard+aegis,harmful,0.7421487603305785,Hidden States NMC
openai_mod,olmo2_1124_7b_inst,wildguard+toxichat,harmful,0.7059748427672956,Hidden States NMC
openai_mod,olmo2_1124_7b_inst,aegis+toxichat,harmful,0.7305194805194806,Hidden States NMC
openai_mod,olmo2_1124_7b_inst,wildguard+aegis+toxichat,harmful,0.7311129163281884,Hidden States NMC
mmlu,olmo2_1124_7b_inst,wildguard,non_harmful,1.0,Hidden States NMC
mmlu,olmo2_1124_7b_inst,aegis,non_harmful,1.0,Hidden States NMC
mmlu,olmo2_1124_7b_inst,toxichat,non_harmful,1.0,Hidden States NMC
mmlu,olmo2_1124_7b_inst,wildguard+aegis,non_harmful,1.0,Hidden States NMC
mmlu,olmo2_1124_7b_inst,wildguard+toxichat,non_harmful,1.0,Hidden States NMC
mmlu,olmo2_1124_7b_inst,aegis+toxichat,non_harmful,1.0,Hidden States NMC
mmlu,olmo2_1124_7b_inst,wildguard+aegis+toxichat,non_harmful,1.0,Hidden States NMC
codex,olmo2_1124_7b_inst,wildguard,non_harmful,1.0,Hidden States NMC
codex,olmo2_1124_7b_inst,aegis,non_harmful,1.0,Hidden States NMC
codex,olmo2_1124_7b_inst,toxichat,non_harmful,1.0,Hidden States NMC
codex,olmo2_1124_7b_inst,wildguard+aegis,non_harmful,1.0,Hidden States NMC
codex,olmo2_1124_7b_inst,wildguard+toxichat,non_harmful,1.0,Hidden States NMC
codex,olmo2_1124_7b_inst,aegis+toxichat,non_harmful,1.0,Hidden States NMC
codex,olmo2_1124_7b_inst,wildguard+aegis+toxichat,non_harmful,1.0,Hidden States NMC
gsm8k,olmo2_1124_7b_inst,wildguard,non_harmful,1.0,Hidden States NMC
gsm8k,olmo2_1124_7b_inst,aegis,non_harmful,1.0,Hidden States NMC
gsm8k,olmo2_1124_7b_inst,toxichat,non_harmful,1.0,Hidden States NMC
gsm8k,olmo2_1124_7b_inst,wildguard+aegis,non_harmful,1.0,Hidden States NMC
gsm8k,olmo2_1124_7b_inst,wildguard+toxichat,non_harmful,1.0,Hidden States NMC
gsm8k,olmo2_1124_7b_inst,aegis+toxichat,non_harmful,1.0,Hidden States NMC
gsm8k,olmo2_1124_7b_inst,wildguard+aegis+toxichat,non_harmful,1.0,Hidden States NMC
bbh,olmo2_1124_7b_inst,wildguard,non_harmful,1.0,Hidden States NMC
bbh,olmo2_1124_7b_inst,aegis,non_harmful,1.0,Hidden States NMC
bbh,olmo2_1124_7b_inst,toxichat,non_harmful,1.0,Hidden States NMC
bbh,olmo2_1124_7b_inst,wildguard+aegis,non_harmful,1.0,Hidden States NMC
bbh,olmo2_1124_7b_inst,wildguard+toxichat,non_harmful,1.0,Hidden States NMC
bbh,olmo2_1124_7b_inst,aegis+toxichat,non_harmful,1.0,Hidden States NMC
bbh,olmo2_1124_7b_inst,wildguard+aegis+toxichat,non_harmful,1.0,Hidden States NMC
mtbench,olmo2_1124_7b_inst,wildguard,non_harmful,1.0,Hidden States NMC
mtbench,olmo2_1124_7b_inst,aegis,non_harmful,0.9875,Hidden States NMC
mtbench,olmo2_1124_7b_inst,toxichat,non_harmful,0.9375,Hidden States NMC
mtbench,olmo2_1124_7b_inst,wildguard+aegis,non_harmful,1.0,Hidden States NMC
mtbench,olmo2_1124_7b_inst,wildguard+toxichat,non_harmful,0.95,Hidden States NMC
mtbench,olmo2_1124_7b_inst,aegis+toxichat,non_harmful,0.9375,Hidden States NMC
mtbench,olmo2_1124_7b_inst,wildguard+aegis+toxichat,non_harmful,0.95,Hidden States NMC
truthfulqa,olmo2_1124_7b_inst,wildguard,non_harmful,0.9886075949367089,Hidden States NMC
truthfulqa,olmo2_1124_7b_inst,aegis,non_harmful,0.9430379746835443,Hidden States NMC
truthfulqa,olmo2_1124_7b_inst,toxichat,non_harmful,0.9898734177215189,Hidden States NMC
truthfulqa,olmo2_1124_7b_inst,wildguard+aegis,non_harmful,0.9430379746835443,Hidden States NMC
truthfulqa,olmo2_1124_7b_inst,wildguard+toxichat,non_harmful,0.9911392405063291,Hidden States NMC
truthfulqa,olmo2_1124_7b_inst,aegis+toxichat,non_harmful,0.9518987341772152,Hidden States NMC
truthfulqa,olmo2_1124_7b_inst,wildguard+aegis+toxichat,non_harmful,0.9518987341772152,Hidden States NMC
alpaca_eval,olmo2_1124_7b_inst,wildguard,non_harmful,0.9925465838509316,Hidden States NMC
alpaca_eval,olmo2_1124_7b_inst,aegis,non_harmful,0.9813664596273292,Hidden States NMC
alpaca_eval,olmo2_1124_7b_inst,toxichat,non_harmful,0.9515527950310559,Hidden States NMC
alpaca_eval,olmo2_1124_7b_inst,wildguard+aegis,non_harmful,0.9850931677018634,Hidden States NMC
alpaca_eval,olmo2_1124_7b_inst,wildguard+toxichat,non_harmful,0.9565217391304348,Hidden States NMC
alpaca_eval,olmo2_1124_7b_inst,aegis+toxichat,non_harmful,0.9478260869565217,Hidden States NMC
alpaca_eval,olmo2_1124_7b_inst,wildguard+aegis+toxichat,non_harmful,0.9527950310559006,Hidden States NMC
wildjailbreak_test,llama3_8b_inst,wildguard,harmful,0.9119226638023631,Hidden States Maha
wildjailbreak_test,llama3_8b_inst,aegis,harmful,0.8626799557032115,Hidden States Maha
wildjailbreak_test,llama3_8b_inst,toxichat,harmful,0.8389854659447136,Hidden States Maha
wildjailbreak_test,llama3_8b_inst,wildguard+aegis,harmful,0.9119226638023631,Hidden States Maha
wildjailbreak_test,llama3_8b_inst,wildguard+toxichat,harmful,0.9119226638023631,Hidden States Maha
wildjailbreak_test,llama3_8b_inst,aegis+toxichat,harmful,0.851924697948862,Hidden States Maha
wildjailbreak_test,llama3_8b_inst,wildguard+aegis+toxichat,harmful,0.9119226638023631,Hidden States Maha
simplesafety_tests,llama3_8b_inst,wildguard,harmful,0.9949748743718593,Hidden States Maha
simplesafety_tests,llama3_8b_inst,aegis,harmful,1.0,Hidden States Maha
simplesafety_tests,llama3_8b_inst,toxichat,harmful,0.9795918367346939,Hidden States Maha
simplesafety_tests,llama3_8b_inst,wildguard+aegis,harmful,0.9949748743718593,Hidden States Maha
simplesafety_tests,llama3_8b_inst,wildguard+toxichat,harmful,0.9949748743718593,Hidden States Maha
simplesafety_tests,llama3_8b_inst,aegis+toxichat,harmful,1.0,Hidden States Maha
simplesafety_tests,llama3_8b_inst,wildguard+aegis+toxichat,harmful,0.9949748743718593,Hidden States Maha
toxicchat_humanannotated,llama3_8b_inst,wildguard,harmful,0.648936170212766,Hidden States Maha
toxicchat_humanannotated,llama3_8b_inst,aegis,harmful,0.6383495145631068,Hidden States Maha
toxicchat_humanannotated,llama3_8b_inst,toxichat,harmful,0.803788903924222,Hidden States Maha
toxicchat_humanannotated,llama3_8b_inst,wildguard+aegis,harmful,0.648936170212766,Hidden States Maha
toxicchat_humanannotated,llama3_8b_inst,wildguard+toxichat,harmful,0.648936170212766,Hidden States Maha
toxicchat_humanannotated,llama3_8b_inst,aegis+toxichat,harmful,0.7699876998769988,Hidden States Maha
toxicchat_humanannotated,llama3_8b_inst,wildguard+aegis+toxichat,harmful,0.648936170212766,Hidden States Maha
xstest,llama3_8b_inst,wildguard,harmful,0.9484536082474226,Hidden States Maha
xstest,llama3_8b_inst,aegis,harmful,0.788,Hidden States Maha
xstest,llama3_8b_inst,toxichat,harmful,0.8919667590027701,Hidden States Maha
xstest,llama3_8b_inst,wildguard+aegis,harmful,0.9484536082474226,Hidden States Maha
xstest,llama3_8b_inst,wildguard+toxichat,harmful,0.9484536082474226,Hidden States Maha
xstest,llama3_8b_inst,aegis+toxichat,harmful,0.8140495867768595,Hidden States Maha
xstest,llama3_8b_inst,wildguard+aegis+toxichat,harmful,0.9484536082474226,Hidden States Maha
aegis,llama3_8b_inst,wildguard,harmful,0.8207547169811321,Hidden States Maha
aegis,llama3_8b_inst,aegis,harmful,0.8859649122807017,Hidden States Maha
aegis,llama3_8b_inst,toxichat,harmful,0.699724517906336,Hidden States Maha
aegis,llama3_8b_inst,wildguard+aegis,harmful,0.8207547169811321,Hidden States Maha
aegis,llama3_8b_inst,wildguard+toxichat,harmful,0.8207547169811321,Hidden States Maha
aegis,llama3_8b_inst,aegis+toxichat,harmful,0.8879120879120879,Hidden States Maha
aegis,llama3_8b_inst,wildguard+aegis+toxichat,harmful,0.8207547169811321,Hidden States Maha
wildguardtest,llama3_8b_inst,wildguard,harmful,0.8539482879105521,Hidden States Maha
wildguardtest,llama3_8b_inst,aegis,harmful,0.7388613861386139,Hidden States Maha
wildguardtest,llama3_8b_inst,toxichat,harmful,0.7659574468085106,Hidden States Maha
wildguardtest,llama3_8b_inst,wildguard+aegis,harmful,0.8539482879105521,Hidden States Maha
wildguardtest,llama3_8b_inst,wildguard+toxichat,harmful,0.8539482879105521,Hidden States Maha
wildguardtest,llama3_8b_inst,aegis+toxichat,harmful,0.7707129094412332,Hidden States Maha
wildguardtest,llama3_8b_inst,wildguard+aegis+toxichat,harmful,0.8539482879105521,Hidden States Maha
harmbench,llama3_8b_inst,wildguard,harmful,0.9915611814345991,Hidden States Maha
harmbench,llama3_8b_inst,aegis,harmful,0.883177570093458,Hidden States Maha
harmbench,llama3_8b_inst,toxichat,harmful,0.7616580310880829,Hidden States Maha
harmbench,llama3_8b_inst,wildguard+aegis,harmful,0.9915611814345991,Hidden States Maha
harmbench,llama3_8b_inst,wildguard+toxichat,harmful,0.9915611814345991,Hidden States Maha
harmbench,llama3_8b_inst,aegis+toxichat,harmful,0.7680412371134021,Hidden States Maha
harmbench,llama3_8b_inst,wildguard+aegis+toxichat,harmful,0.9915611814345991,Hidden States Maha
openai_mod,llama3_8b_inst,wildguard,harmful,0.7302363488182559,Hidden States Maha
openai_mod,llama3_8b_inst,aegis,harmful,0.6624383368569415,Hidden States Maha
openai_mod,llama3_8b_inst,toxichat,harmful,0.7451776649746192,Hidden States Maha
openai_mod,llama3_8b_inst,wildguard+aegis,harmful,0.7302363488182559,Hidden States Maha
openai_mod,llama3_8b_inst,wildguard+toxichat,harmful,0.7302363488182559,Hidden States Maha
openai_mod,llama3_8b_inst,aegis+toxichat,harmful,0.6723044397463002,Hidden States Maha
openai_mod,llama3_8b_inst,wildguard+aegis+toxichat,harmful,0.7302363488182559,Hidden States Maha
mmlu,llama3_8b_inst,wildguard,non_harmful,1.0,Hidden States Maha
mmlu,llama3_8b_inst,aegis,non_harmful,0.9905247813411079,Hidden States Maha
mmlu,llama3_8b_inst,toxichat,non_harmful,1.0,Hidden States Maha
mmlu,llama3_8b_inst,wildguard+aegis,non_harmful,1.0,Hidden States Maha
mmlu,llama3_8b_inst,wildguard+toxichat,non_harmful,1.0,Hidden States Maha
mmlu,llama3_8b_inst,aegis+toxichat,non_harmful,1.0,Hidden States Maha
mmlu,llama3_8b_inst,wildguard+aegis+toxichat,non_harmful,1.0,Hidden States Maha
codex,llama3_8b_inst,wildguard,non_harmful,1.0,Hidden States Maha
codex,llama3_8b_inst,aegis,non_harmful,1.0,Hidden States Maha
codex,llama3_8b_inst,toxichat,non_harmful,1.0,Hidden States Maha
codex,llama3_8b_inst,wildguard+aegis,non_harmful,1.0,Hidden States Maha
codex,llama3_8b_inst,wildguard+toxichat,non_harmful,1.0,Hidden States Maha
codex,llama3_8b_inst,aegis+toxichat,non_harmful,1.0,Hidden States Maha
codex,llama3_8b_inst,wildguard+aegis+toxichat,non_harmful,1.0,Hidden States Maha
gsm8k,llama3_8b_inst,wildguard,non_harmful,1.0,Hidden States Maha
gsm8k,llama3_8b_inst,aegis,non_harmful,1.0,Hidden States Maha
gsm8k,llama3_8b_inst,toxichat,non_harmful,1.0,Hidden States Maha
gsm8k,llama3_8b_inst,wildguard+aegis,non_harmful,1.0,Hidden States Maha
gsm8k,llama3_8b_inst,wildguard+toxichat,non_harmful,1.0,Hidden States Maha
gsm8k,llama3_8b_inst,aegis+toxichat,non_harmful,1.0,Hidden States Maha
gsm8k,llama3_8b_inst,wildguard+aegis+toxichat,non_harmful,1.0,Hidden States Maha
bbh,llama3_8b_inst,wildguard,non_harmful,1.0,Hidden States Maha
bbh,llama3_8b_inst,aegis,non_harmful,0.9990740740740741,Hidden States Maha
bbh,llama3_8b_inst,toxichat,non_harmful,1.0,Hidden States Maha
bbh,llama3_8b_inst,wildguard+aegis,non_harmful,1.0,Hidden States Maha
bbh,llama3_8b_inst,wildguard+toxichat,non_harmful,1.0,Hidden States Maha
bbh,llama3_8b_inst,aegis+toxichat,non_harmful,1.0,Hidden States Maha
bbh,llama3_8b_inst,wildguard+aegis+toxichat,non_harmful,1.0,Hidden States Maha
mtbench,llama3_8b_inst,wildguard,non_harmful,0.9875,Hidden States Maha
mtbench,llama3_8b_inst,aegis,non_harmful,0.9625,Hidden States Maha
mtbench,llama3_8b_inst,toxichat,non_harmful,1.0,Hidden States Maha
mtbench,llama3_8b_inst,wildguard+aegis,non_harmful,0.9875,Hidden States Maha
mtbench,llama3_8b_inst,wildguard+toxichat,non_harmful,0.9875,Hidden States Maha
mtbench,llama3_8b_inst,aegis+toxichat,non_harmful,1.0,Hidden States Maha
mtbench,llama3_8b_inst,wildguard+aegis+toxichat,non_harmful,0.9875,Hidden States Maha
truthfulqa,llama3_8b_inst,wildguard,non_harmful,0.9481012658227848,Hidden States Maha
truthfulqa,llama3_8b_inst,aegis,non_harmful,0.8443037974683544,Hidden States Maha
truthfulqa,llama3_8b_inst,toxichat,non_harmful,1.0,Hidden States Maha
truthfulqa,llama3_8b_inst,wildguard+aegis,non_harmful,0.9481012658227848,Hidden States Maha
truthfulqa,llama3_8b_inst,wildguard+toxichat,non_harmful,0.9481012658227848,Hidden States Maha
truthfulqa,llama3_8b_inst,aegis+toxichat,non_harmful,0.8645569620253165,Hidden States Maha
truthfulqa,llama3_8b_inst,wildguard+aegis+toxichat,non_harmful,0.9481012658227848,Hidden States Maha
alpaca_eval,llama3_8b_inst,wildguard,non_harmful,0.9527950310559006,Hidden States Maha
alpaca_eval,llama3_8b_inst,aegis,non_harmful,0.9627329192546584,Hidden States Maha
alpaca_eval,llama3_8b_inst,toxichat,non_harmful,0.9950310559006211,Hidden States Maha
alpaca_eval,llama3_8b_inst,wildguard+aegis,non_harmful,0.9527950310559006,Hidden States Maha
alpaca_eval,llama3_8b_inst,wildguard+toxichat,non_harmful,0.9527950310559006,Hidden States Maha
alpaca_eval,llama3_8b_inst,aegis+toxichat,non_harmful,0.9726708074534162,Hidden States Maha
alpaca_eval,llama3_8b_inst,wildguard+aegis+toxichat,non_harmful,0.9527950310559006,Hidden States Maha
wildjailbreak_test,mistral7b_inst,wildguard,harmful,0.8901670775130102,Hidden States Maha
wildjailbreak_test,mistral7b_inst,aegis,harmful,0.7169811320754716,Hidden States Maha
wildjailbreak_test,mistral7b_inst,toxichat,harmful,0.7085822068531908,Hidden States Maha
wildjailbreak_test,mistral7b_inst,wildguard+aegis,harmful,0.8901670775130102,Hidden States Maha
wildjailbreak_test,mistral7b_inst,wildguard+toxichat,harmful,0.8901670775130102,Hidden States Maha
wildjailbreak_test,mistral7b_inst,aegis+toxichat,harmful,0.7224121852657756,Hidden States Maha
wildjailbreak_test,mistral7b_inst,wildguard+aegis+toxichat,harmful,0.8901670775130102,Hidden States Maha
simplesafety_tests,mistral7b_inst,wildguard,harmful,0.9847715736040609,Hidden States Maha
simplesafety_tests,mistral7b_inst,aegis,harmful,1.0,Hidden States Maha
simplesafety_tests,mistral7b_inst,toxichat,harmful,0.9690721649484536,Hidden States Maha
simplesafety_tests,mistral7b_inst,wildguard+aegis,harmful,0.9847715736040609,Hidden States Maha
simplesafety_tests,mistral7b_inst,wildguard+toxichat,harmful,0.9847715736040609,Hidden States Maha
simplesafety_tests,mistral7b_inst,aegis+toxichat,harmful,1.0,Hidden States Maha
simplesafety_tests,mistral7b_inst,wildguard+aegis+toxichat,harmful,0.9847715736040609,Hidden States Maha
toxicchat_humanannotated,mistral7b_inst,wildguard,harmful,0.5691489361702128,Hidden States Maha
toxicchat_humanannotated,mistral7b_inst,aegis,harmful,0.6319365798414496,Hidden States Maha
toxicchat_humanannotated,mistral7b_inst,toxichat,harmful,0.8020565552699229,Hidden States Maha
toxicchat_humanannotated,mistral7b_inst,wildguard+aegis,harmful,0.5691489361702128,Hidden States Maha
toxicchat_humanannotated,mistral7b_inst,wildguard+toxichat,harmful,0.5691489361702128,Hidden States Maha
toxicchat_humanannotated,mistral7b_inst,aegis+toxichat,harmful,0.7557077625570776,Hidden States Maha
toxicchat_humanannotated,mistral7b_inst,wildguard+aegis+toxichat,harmful,0.5691489361702128,Hidden States Maha
xstest,mistral7b_inst,wildguard,harmful,0.9148936170212766,Hidden States Maha
xstest,mistral7b_inst,aegis,harmful,0.8024691358024691,Hidden States Maha
xstest,mistral7b_inst,toxichat,harmful,0.8392370572207084,Hidden States Maha
xstest,mistral7b_inst,wildguard+aegis,harmful,0.9148936170212766,Hidden States Maha
xstest,mistral7b_inst,wildguard+toxichat,harmful,0.9148936170212766,Hidden States Maha
xstest,mistral7b_inst,aegis+toxichat,harmful,0.8125,Hidden States Maha
xstest,mistral7b_inst,wildguard+aegis+toxichat,harmful,0.9148936170212766,Hidden States Maha
aegis,mistral7b_inst,wildguard,harmful,0.8457943925233645,Hidden States Maha
aegis,mistral7b_inst,aegis,harmful,0.9043478260869565,Hidden States Maha
aegis,mistral7b_inst,toxichat,harmful,0.7660668380462725,Hidden States Maha
aegis,mistral7b_inst,wildguard+aegis,harmful,0.8457943925233645,Hidden States Maha
aegis,mistral7b_inst,wildguard+toxichat,harmful,0.8457943925233645,Hidden States Maha
aegis,mistral7b_inst,aegis+toxichat,harmful,0.9019607843137255,Hidden States Maha
aegis,mistral7b_inst,wildguard+aegis+toxichat,harmful,0.8457943925233645,Hidden States Maha
wildguardtest,mistral7b_inst,wildguard,harmful,0.8531468531468531,Hidden States Maha
wildguardtest,mistral7b_inst,aegis,harmful,0.7388963660834454,Hidden States Maha
wildguardtest,mistral7b_inst,toxichat,harmful,0.7029096477794793,Hidden States Maha
wildguardtest,mistral7b_inst,wildguard+aegis,harmful,0.8531468531468531,Hidden States Maha
wildguardtest,mistral7b_inst,wildguard+toxichat,harmful,0.8531468531468531,Hidden States Maha
wildguardtest,mistral7b_inst,aegis+toxichat,harmful,0.7386286490156144,Hidden States Maha
wildguardtest,mistral7b_inst,wildguard+aegis+toxichat,harmful,0.8531468531468531,Hidden States Maha
harmbench,mistral7b_inst,wildguard,harmful,0.9894291754756871,Hidden States Maha
harmbench,mistral7b_inst,aegis,harmful,0.7287234042553191,Hidden States Maha
harmbench,mistral7b_inst,toxichat,harmful,0.7219251336898396,Hidden States Maha
harmbench,mistral7b_inst,wildguard+aegis,harmful,0.9894291754756871,Hidden States Maha
harmbench,mistral7b_inst,wildguard+toxichat,harmful,0.9894291754756871,Hidden States Maha
harmbench,mistral7b_inst,aegis+toxichat,harmful,0.7320954907161804,Hidden States Maha
harmbench,mistral7b_inst,wildguard+aegis+toxichat,harmful,0.9894291754756871,Hidden States Maha
openai_mod,mistral7b_inst,wildguard,harmful,0.687402799377916,Hidden States Maha
openai_mod,mistral7b_inst,aegis,harmful,0.6747676912080057,Hidden States Maha
openai_mod,mistral7b_inst,toxichat,harmful,0.7162022703818369,Hidden States Maha
openai_mod,mistral7b_inst,wildguard+aegis,harmful,0.687402799377916,Hidden States Maha
openai_mod,mistral7b_inst,wildguard+toxichat,harmful,0.687402799377916,Hidden States Maha
openai_mod,mistral7b_inst,aegis+toxichat,harmful,0.6671469740634006,Hidden States Maha
openai_mod,mistral7b_inst,wildguard+aegis+toxichat,harmful,0.687402799377916,Hidden States Maha
mmlu,mistral7b_inst,wildguard,non_harmful,0.9916180758017493,Hidden States Maha
mmlu,mistral7b_inst,aegis,non_harmful,0.9952623906705539,Hidden States Maha
mmlu,mistral7b_inst,toxichat,non_harmful,1.0,Hidden States Maha
mmlu,mistral7b_inst,wildguard+aegis,non_harmful,0.9916180758017493,Hidden States Maha
mmlu,mistral7b_inst,wildguard+toxichat,non_harmful,0.9916180758017493,Hidden States Maha
mmlu,mistral7b_inst,aegis+toxichat,non_harmful,0.999271137026239,Hidden States Maha
mmlu,mistral7b_inst,wildguard+aegis+toxichat,non_harmful,0.9916180758017493,Hidden States Maha
codex,mistral7b_inst,wildguard,non_harmful,0.9878048780487805,Hidden States Maha
codex,mistral7b_inst,aegis,non_harmful,1.0,Hidden States Maha
codex,mistral7b_inst,toxichat,non_harmful,1.0,Hidden States Maha
codex,mistral7b_inst,wildguard+aegis,non_harmful,0.9878048780487805,Hidden States Maha
codex,mistral7b_inst,wildguard+toxichat,non_harmful,0.9878048780487805,Hidden States Maha
codex,mistral7b_inst,aegis+toxichat,non_harmful,1.0,Hidden States Maha
codex,mistral7b_inst,wildguard+aegis+toxichat,non_harmful,0.9878048780487805,Hidden States Maha
gsm8k,mistral7b_inst,wildguard,non_harmful,1.0,Hidden States Maha
gsm8k,mistral7b_inst,aegis,non_harmful,0.9954510993176648,Hidden States Maha
gsm8k,mistral7b_inst,toxichat,non_harmful,1.0,Hidden States Maha
gsm8k,mistral7b_inst,wildguard+aegis,non_harmful,1.0,Hidden States Maha
gsm8k,mistral7b_inst,wildguard+toxichat,non_harmful,1.0,Hidden States Maha
gsm8k,mistral7b_inst,aegis+toxichat,non_harmful,1.0,Hidden States Maha
gsm8k,mistral7b_inst,wildguard+aegis+toxichat,non_harmful,1.0,Hidden States Maha
bbh,mistral7b_inst,wildguard,non_harmful,0.5416666666666666,Hidden States Maha
bbh,mistral7b_inst,aegis,non_harmful,0.8324074074074074,Hidden States Maha
bbh,mistral7b_inst,toxichat,non_harmful,1.0,Hidden States Maha
bbh,mistral7b_inst,wildguard+aegis,non_harmful,0.5416666666666666,Hidden States Maha
bbh,mistral7b_inst,wildguard+toxichat,non_harmful,0.5416666666666666,Hidden States Maha
bbh,mistral7b_inst,aegis+toxichat,non_harmful,0.9148148148148149,Hidden States Maha
bbh,mistral7b_inst,wildguard+aegis+toxichat,non_harmful,0.5416666666666666,Hidden States Maha
mtbench,mistral7b_inst,wildguard,non_harmful,0.925,Hidden States Maha
mtbench,mistral7b_inst,aegis,non_harmful,0.9625,Hidden States Maha
mtbench,mistral7b_inst,toxichat,non_harmful,0.9875,Hidden States Maha
mtbench,mistral7b_inst,wildguard+aegis,non_harmful,0.925,Hidden States Maha
mtbench,mistral7b_inst,wildguard+toxichat,non_harmful,0.925,Hidden States Maha
mtbench,mistral7b_inst,aegis+toxichat,non_harmful,0.9875,Hidden States Maha
mtbench,mistral7b_inst,wildguard+aegis+toxichat,non_harmful,0.925,Hidden States Maha
truthfulqa,mistral7b_inst,wildguard,non_harmful,0.9379746835443038,Hidden States Maha
truthfulqa,mistral7b_inst,aegis,non_harmful,0.779746835443038,Hidden States Maha
truthfulqa,mistral7b_inst,toxichat,non_harmful,0.9987341772151899,Hidden States Maha
truthfulqa,mistral7b_inst,wildguard+aegis,non_harmful,0.9379746835443038,Hidden States Maha
truthfulqa,mistral7b_inst,wildguard+toxichat,non_harmful,0.9379746835443038,Hidden States Maha
truthfulqa,mistral7b_inst,aegis+toxichat,non_harmful,0.7873417721518987,Hidden States Maha
truthfulqa,mistral7b_inst,wildguard+aegis+toxichat,non_harmful,0.9379746835443038,Hidden States Maha
alpaca_eval,mistral7b_inst,wildguard,non_harmful,0.9229813664596274,Hidden States Maha
alpaca_eval,mistral7b_inst,aegis,non_harmful,0.9552795031055901,Hidden States Maha
alpaca_eval,mistral7b_inst,toxichat,non_harmful,0.9937888198757764,Hidden States Maha
alpaca_eval,mistral7b_inst,wildguard+aegis,non_harmful,0.9229813664596274,Hidden States Maha
alpaca_eval,mistral7b_inst,wildguard+toxichat,non_harmful,0.9229813664596274,Hidden States Maha
alpaca_eval,mistral7b_inst,aegis+toxichat,non_harmful,0.968944099378882,Hidden States Maha
alpaca_eval,mistral7b_inst,wildguard+aegis+toxichat,non_harmful,0.9229813664596274,Hidden States Maha
wildjailbreak_test,olmo2_1124_7b_inst,wildguard,harmful,0.9663843982550681,Hidden States Maha
wildjailbreak_test,olmo2_1124_7b_inst,aegis,harmful,0.9380577427821523,Hidden States Maha
wildjailbreak_test,olmo2_1124_7b_inst,toxichat,harmful,0.9264392324093816,Hidden States Maha
wildjailbreak_test,olmo2_1124_7b_inst,wildguard+aegis,harmful,0.9663843982550681,Hidden States Maha
wildjailbreak_test,olmo2_1124_7b_inst,wildguard+toxichat,harmful,0.9663843982550681,Hidden States Maha
wildjailbreak_test,olmo2_1124_7b_inst,aegis+toxichat,harmful,0.9408995815899581,Hidden States Maha
wildjailbreak_test,olmo2_1124_7b_inst,wildguard+aegis+toxichat,harmful,0.9663843982550681,Hidden States Maha
simplesafety_tests,olmo2_1124_7b_inst,wildguard,harmful,0.9949748743718593,Hidden States Maha
simplesafety_tests,olmo2_1124_7b_inst,aegis,harmful,1.0,Hidden States Maha
simplesafety_tests,olmo2_1124_7b_inst,toxichat,harmful,0.9637305699481865,Hidden States Maha
simplesafety_tests,olmo2_1124_7b_inst,wildguard+aegis,harmful,0.9949748743718593,Hidden States Maha
simplesafety_tests,olmo2_1124_7b_inst,wildguard+toxichat,harmful,0.9949748743718593,Hidden States Maha
simplesafety_tests,olmo2_1124_7b_inst,aegis+toxichat,harmful,1.0,Hidden States Maha
simplesafety_tests,olmo2_1124_7b_inst,wildguard+aegis+toxichat,harmful,0.9949748743718593,Hidden States Maha
toxicchat_humanannotated,olmo2_1124_7b_inst,wildguard,harmful,0.7459324155193993,Hidden States Maha
toxicchat_humanannotated,olmo2_1124_7b_inst,aegis,harmful,0.6716232961586122,Hidden States Maha
toxicchat_humanannotated,olmo2_1124_7b_inst,toxichat,harmful,0.850480109739369,Hidden States Maha
toxicchat_humanannotated,olmo2_1124_7b_inst,wildguard+aegis,harmful,0.7459324155193993,Hidden States Maha
toxicchat_humanannotated,olmo2_1124_7b_inst,wildguard+toxichat,harmful,0.7490636704119851,Hidden States Maha
toxicchat_humanannotated,olmo2_1124_7b_inst,aegis+toxichat,harmful,0.7915632754342432,Hidden States Maha
toxicchat_humanannotated,olmo2_1124_7b_inst,wildguard+aegis+toxichat,harmful,0.7490636704119851,Hidden States Maha
xstest,olmo2_1124_7b_inst,wildguard,harmful,0.9664082687338501,Hidden States Maha
xstest,olmo2_1124_7b_inst,aegis,harmful,0.7782258064516129,Hidden States Maha
xstest,olmo2_1124_7b_inst,toxichat,harmful,0.8739495798319328,Hidden States Maha
xstest,olmo2_1124_7b_inst,wildguard+aegis,harmful,0.9664082687338501,Hidden States Maha
xstest,olmo2_1124_7b_inst,wildguard+toxichat,harmful,0.9664082687338501,Hidden States Maha
xstest,olmo2_1124_7b_inst,aegis+toxichat,harmful,0.7829614604462475,Hidden States Maha
xstest,olmo2_1124_7b_inst,wildguard+aegis+toxichat,harmful,0.9664082687338501,Hidden States Maha
aegis,olmo2_1124_7b_inst,wildguard,harmful,0.8824833702882483,Hidden States Maha
aegis,olmo2_1124_7b_inst,aegis,harmful,0.9094827586206896,Hidden States Maha
aegis,olmo2_1124_7b_inst,toxichat,harmful,0.7794871794871795,Hidden States Maha
aegis,olmo2_1124_7b_inst,wildguard+aegis,harmful,0.8824833702882483,Hidden States Maha
aegis,olmo2_1124_7b_inst,wildguard+toxichat,harmful,0.8824833702882483,Hidden States Maha
aegis,olmo2_1124_7b_inst,aegis+toxichat,harmful,0.9094827586206896,Hidden States Maha
aegis,olmo2_1124_7b_inst,wildguard+aegis+toxichat,harmful,0.8824833702882483,Hidden States Maha
wildguardtest,olmo2_1124_7b_inst,wildguard,harmful,0.8793342579750347,Hidden States Maha
wildguardtest,olmo2_1124_7b_inst,aegis,harmful,0.8224543080939948,Hidden States Maha
wildguardtest,olmo2_1124_7b_inst,toxichat,harmful,0.8172514619883041,Hidden States Maha
wildguardtest,olmo2_1124_7b_inst,wildguard+aegis,harmful,0.8793342579750347,Hidden States Maha
wildguardtest,olmo2_1124_7b_inst,wildguard+toxichat,harmful,0.8793342579750347,Hidden States Maha
wildguardtest,olmo2_1124_7b_inst,aegis+toxichat,harmful,0.8221498371335505,Hidden States Maha
wildguardtest,olmo2_1124_7b_inst,wildguard+aegis+toxichat,harmful,0.8793342579750347,Hidden States Maha
harmbench,olmo2_1124_7b_inst,wildguard,harmful,0.9829787234042553,Hidden States Maha
harmbench,olmo2_1124_7b_inst,aegis,harmful,0.8020050125313283,Hidden States Maha
harmbench,olmo2_1124_7b_inst,toxichat,harmful,0.7743589743589744,Hidden States Maha
harmbench,olmo2_1124_7b_inst,wildguard+aegis,harmful,0.9829787234042553,Hidden States Maha
harmbench,olmo2_1124_7b_inst,wildguard+toxichat,harmful,0.9829787234042553,Hidden States Maha
harmbench,olmo2_1124_7b_inst,aegis+toxichat,harmful,0.7837150127226463,Hidden States Maha
harmbench,olmo2_1124_7b_inst,wildguard+aegis+toxichat,harmful,0.9829787234042553,Hidden States Maha
openai_mod,olmo2_1124_7b_inst,wildguard,harmful,0.7369281045751634,Hidden States Maha
openai_mod,olmo2_1124_7b_inst,aegis,harmful,0.6750700280112045,Hidden States Maha
openai_mod,olmo2_1124_7b_inst,toxichat,harmful,0.7676969092721835,Hidden States Maha
openai_mod,olmo2_1124_7b_inst,wildguard+aegis,harmful,0.7363265306122448,Hidden States Maha
openai_mod,olmo2_1124_7b_inst,wildguard+toxichat,harmful,0.7369281045751634,Hidden States Maha
openai_mod,olmo2_1124_7b_inst,aegis+toxichat,harmful,0.6857942617214835,Hidden States Maha
openai_mod,olmo2_1124_7b_inst,wildguard+aegis+toxichat,harmful,0.7363265306122448,Hidden States Maha
mmlu,olmo2_1124_7b_inst,wildguard,non_harmful,1.0,Hidden States Maha
mmlu,olmo2_1124_7b_inst,aegis,non_harmful,0.9941690962099126,Hidden States Maha
mmlu,olmo2_1124_7b_inst,toxichat,non_harmful,1.0,Hidden States Maha
mmlu,olmo2_1124_7b_inst,wildguard+aegis,non_harmful,1.0,Hidden States Maha
mmlu,olmo2_1124_7b_inst,wildguard+toxichat,non_harmful,1.0,Hidden States Maha
mmlu,olmo2_1124_7b_inst,aegis+toxichat,non_harmful,0.9989067055393586,Hidden States Maha
mmlu,olmo2_1124_7b_inst,wildguard+aegis+toxichat,non_harmful,1.0,Hidden States Maha
codex,olmo2_1124_7b_inst,wildguard,non_harmful,1.0,Hidden States Maha
codex,olmo2_1124_7b_inst,aegis,non_harmful,1.0,Hidden States Maha
codex,olmo2_1124_7b_inst,toxichat,non_harmful,1.0,Hidden States Maha
codex,olmo2_1124_7b_inst,wildguard+aegis,non_harmful,1.0,Hidden States Maha
codex,olmo2_1124_7b_inst,wildguard+toxichat,non_harmful,1.0,Hidden States Maha
codex,olmo2_1124_7b_inst,aegis+toxichat,non_harmful,1.0,Hidden States Maha
codex,olmo2_1124_7b_inst,wildguard+aegis+toxichat,non_harmful,1.0,Hidden States Maha
gsm8k,olmo2_1124_7b_inst,wildguard,non_harmful,1.0,Hidden States Maha
gsm8k,olmo2_1124_7b_inst,aegis,non_harmful,0.9992418498862775,Hidden States Maha
gsm8k,olmo2_1124_7b_inst,toxichat,non_harmful,1.0,Hidden States Maha
gsm8k,olmo2_1124_7b_inst,wildguard+aegis,non_harmful,1.0,Hidden States Maha
gsm8k,olmo2_1124_7b_inst,wildguard+toxichat,non_harmful,1.0,Hidden States Maha
gsm8k,olmo2_1124_7b_inst,aegis+toxichat,non_harmful,1.0,Hidden States Maha
gsm8k,olmo2_1124_7b_inst,wildguard+aegis+toxichat,non_harmful,1.0,Hidden States Maha
bbh,olmo2_1124_7b_inst,wildguard,non_harmful,1.0,Hidden States Maha
bbh,olmo2_1124_7b_inst,aegis,non_harmful,0.9935185185185185,Hidden States Maha
bbh,olmo2_1124_7b_inst,toxichat,non_harmful,1.0,Hidden States Maha
bbh,olmo2_1124_7b_inst,wildguard+aegis,non_harmful,1.0,Hidden States Maha
bbh,olmo2_1124_7b_inst,wildguard+toxichat,non_harmful,1.0,Hidden States Maha
bbh,olmo2_1124_7b_inst,aegis+toxichat,non_harmful,1.0,Hidden States Maha
bbh,olmo2_1124_7b_inst,wildguard+aegis+toxichat,non_harmful,1.0,Hidden States Maha
mtbench,olmo2_1124_7b_inst,wildguard,non_harmful,0.9625,Hidden States Maha
mtbench,olmo2_1124_7b_inst,aegis,non_harmful,0.975,Hidden States Maha
mtbench,olmo2_1124_7b_inst,toxichat,non_harmful,1.0,Hidden States Maha
mtbench,olmo2_1124_7b_inst,wildguard+aegis,non_harmful,0.9625,Hidden States Maha
mtbench,olmo2_1124_7b_inst,wildguard+toxichat,non_harmful,0.9625,Hidden States Maha
mtbench,olmo2_1124_7b_inst,aegis+toxichat,non_harmful,0.975,Hidden States Maha
mtbench,olmo2_1124_7b_inst,wildguard+aegis+toxichat,non_harmful,0.9625,Hidden States Maha
truthfulqa,olmo2_1124_7b_inst,wildguard,non_harmful,0.9822784810126582,Hidden States Maha
truthfulqa,olmo2_1124_7b_inst,aegis,non_harmful,0.8367088607594937,Hidden States Maha
truthfulqa,olmo2_1124_7b_inst,toxichat,non_harmful,0.9962025316455696,Hidden States Maha
truthfulqa,olmo2_1124_7b_inst,wildguard+aegis,non_harmful,0.9822784810126582,Hidden States Maha
truthfulqa,olmo2_1124_7b_inst,wildguard+toxichat,non_harmful,0.9822784810126582,Hidden States Maha
truthfulqa,olmo2_1124_7b_inst,aegis+toxichat,non_harmful,0.8367088607594937,Hidden States Maha
truthfulqa,olmo2_1124_7b_inst,wildguard+aegis+toxichat,non_harmful,0.9822784810126582,Hidden States Maha
alpaca_eval,olmo2_1124_7b_inst,wildguard,non_harmful,0.9788819875776398,Hidden States Maha
alpaca_eval,olmo2_1124_7b_inst,aegis,non_harmful,0.9677018633540373,Hidden States Maha
alpaca_eval,olmo2_1124_7b_inst,toxichat,non_harmful,0.9962732919254659,Hidden States Maha
alpaca_eval,olmo2_1124_7b_inst,wildguard+aegis,non_harmful,0.9788819875776398,Hidden States Maha
alpaca_eval,olmo2_1124_7b_inst,wildguard+toxichat,non_harmful,0.9788819875776398,Hidden States Maha
alpaca_eval,olmo2_1124_7b_inst,aegis+toxichat,non_harmful,0.9751552795031055,Hidden States Maha
alpaca_eval,olmo2_1124_7b_inst,wildguard+aegis+toxichat,non_harmful,0.9788819875776398,Hidden States Maha
